col1,node,x,y,m1,m2
1,0,67.4248,-105.968,10,5
2,0,902.899,-174.86,10,5
3,0,508.544,-796.852,10,5
4,0,-522.445,-599.239,10,5
5,0,-891.846,146.597,10,5
6,0,-590.006,772.449,10,5
7,0,338.377,857.622,10,5
8,0,1914.88,-56.6006,10,5
9,0,1187.55,-877.559,10,5
10,0,964.107,-1378.95,10,5
11,0,98.0506,-1489.92,10,5
12,0,-749.29,-1363.82,10,5
13,0,-1228.93,-644.513,10,5
14,0,-1686.78,48.0323,10,5
15,0,-1205.57,749.369,10,5
16,0,-1048.6,1485.13,10,5
17,0,-82.6834,1429.26,10,5
18,0,771.986,1389.85,10,5
19,0,1101.9,757.951,10,5
20,0,-46.3682,169.423,10,5
21,0,692.983,-29.3513,10,5
22,0,280.065,-639.221,10,5
23,0,-457.673,-633.855,10,5
24,0,-797.975,-179.259,10,5
25,0,-256.552,832.699,10,5
26,0,375.11,740.46,10,5
27,0,1789.85,152.259,10,5
28,0,1390.13,-825.169,10,5
29,0,892.031,-1488.9,10,5
30,0,-48.474,-1486.81,10,5
31,0,-851.503,-1303.49,10,5
32,0,-1148.25,-856.36,10,5
33,0,-1747.36,146.132,10,5
34,0,-1422.47,873.148,10,5
35,0,-1028.92,1487.14,10,5
36,0,-38.8595,1492.18,10,5
37,0,687.569,1573.73,10,5
38,0,1453.02,678.478,10,5
39,0,-36.7485,167.902,10,5
40,0,790.132,-91.684,10,5
41,0,401.99,-825.348,10,5
42,0,-607.494,-681.045,10,5
43,0,-811.129,-101.008,10,5
44,0,-408.092,937.389,10,5
45,0,335.283,883.858,10,5
46,0,1879.74,-41.4488,10,5
47,0,1197.06,-904.774,10,5
48,0,687.45,-1428.74,10,5
49,0,-145.002,-1392.46,10,5
50,0,-942.671,-1674.82,10,5
51,0,-1391.35,-739.799,10,5
52,0,-1549.45,-58.9945,10,5
53,0,-1186.43,900.238,10,5
54,0,-949.097,1398.15,10,5
55,0,-77.4764,1427.61,10,5
56,0,890.873,1391.93,10,5
57,0,1209.12,781.069,10,5
58,0,40.206,97.1229,10,5
59,0,744.959,-44.822,10,5
60,0,525.163,-583.332,10,5
61,0,-376.391,-707.123,10,5
62,0,-1040.34,4.99195,10,5
63,0,-240.496,731.5,10,5
64,0,383.435,636.55,10,5
65,0,1731.83,-121.435,10,5
66,0,1272.6,-657.3,10,5
67,0,780.732,-1550.06,10,5
68,0,98.4984,-1360.06,10,5
69,0,-740.403,-1373.65,10,5
70,0,-1210.28,-601.904,10,5
71,0,-1558.04,87.9903,10,5
72,0,-1162.36,796.811,10,5
73,0,-822.178,1587.65,10,5
74,0,50.6432,1336.47,10,5
75,0,757.034,1336.22,10,5
76,0,1187.42,616.059,10,5
77,1,220.293,-4.19885,10,5
78,1,-71.2992,-123.679,10,5
79,1,272.148,-9.77961,10,5
80,1,-372.021,2.69127,10,5
81,1,-321.888,-299.18,10,5
82,1,255.566,-42.293,10,5
83,1,293.438,-105.977,10,5
84,1,203.857,-218.899,10,5
85,1,183.665,-107.576,10,5
86,1,159.808,-203.68,10,5
87,1,547.643,-93.4083,10,5
88,1,-109.033,-224.102,10,5
89,1,229.868,161.492,10,5
90,1,454.183,-341.217,10,5
91,1,-167.84,181.733,10,5
92,1,-227.916,-266.958,10,5
93,1,6.9231,-251.74,10,5
94,1,-359.562,-189.669,10,5
95,1,-99.2078,363.383,10,5
96,1,-347.262,-323.772,10,5
97,1,61.967,-502.45,10,5
98,1,489.139,-10.532,10,5
99,1,307.668,-522.654,10,5
100,1,386.209,-431.753,10,5
101,1,495.052,-161.535,10,5
102,1,474.677,-388.89,10,5
103,1,-108.457,-411.55,10,5
104,1,301.843,284.61,10,5
105,1,173.739,-195.108,10,5
106,1,-79.3162,-307.16,10,5
107,1,-96.9851,-279.904,10,5
108,1,-18.5062,-373.984,10,5
109,1,-46.8307,105.698,10,5
110,1,422.84,72.7715,10,5
111,1,133.902,291.981,10,5
112,1,-424.28,-139.032,10,5
113,1,-1.90752,256.964,10,5
114,1,35.1318,-271.126,10,5
115,1,-311.297,-37.375,10,5
116,1,382.837,-221.052,10,5
117,1,-170.267,288.27,10,5
118,1,41.3741,-94.6002,10,5
119,1,-149.879,214.031,10,5
120,1,188.212,-315.451,10,5
121,1,-89.3981,-416.039,10,5
122,1,-206.913,-74.6961,10,5
123,1,17.0147,-313.568,10,5
124,1,-5.45817,-175.998,10,5
125,1,-290.252,108.656,10,5
126,1,-116.209,-460.494,10,5
127,1,-55.6839,70.0998,10,5
128,1,-239.086,-356.649,10,5
129,1,32.8174,-390.39,10,5
130,1,53.9252,-330.403,10,5
131,1,431.136,-303.207,10,5
132,1,-77.5775,-314.032,10,5
133,1,-77.5342,-135.931,10,5
134,1,36.5579,361.358,10,5
135,1,7.62189,-246.889,10,5
136,1,297.549,87.5346,10,5
137,1,-273.826,-284.435,10,5
138,1,-67.0812,-338.568,10,5
139,1,110.706,-370.962,10,5
140,1,-37.0727,85.1289,10,5
141,1,97.1911,-108.902,10,5
142,1,201.954,-360.471,10,5
143,1,192.495,199.78,10,5
144,1,530.633,-229.138,10,5
145,1,106.431,-522.198,10,5
146,1,367.219,179.637,10,5
147,1,-260.453,187.4,10,5
148,1,515.722,-273.593,10,5
149,1,213.299,-278.037,10,5
150,1,167.69,-462.279,10,5
151,1,-71.8281,348.831,10,5
152,1,461.53,-357.317,10,5
153,1,-312.088,-101.542,10,5
154,1,203.793,117.373,10,5
155,1,298.753,-369.762,10,5
156,1,-381.31,-1.69584,10,5
157,1,-202.236,-99.1509,10,5
158,1,242.526,268.711,10,5
159,1,41.2117,-290.569,10,5
160,1,-212.348,-317.706,10,5
161,1,291.198,-467.891,10,5
162,1,170.118,106.035,10,5
163,1,-106.679,-104.355,10,5
164,1,261.318,123.196,10,5
165,1,-151.183,324.363,10,5
166,1,398.371,-320.44,10,5
167,1,302.095,-492.571,10,5
168,1,-221.871,-98.831,10,5
169,1,-252.199,144.129,10,5
170,1,-129.738,-266.758,10,5
171,1,145.738,3.59155,10,5
172,1,380.799,146.22,10,5
173,1,-108.326,96.9578,10,5
174,1,-6.44697,25.6759,10,5
175,1,-366.403,107.145,10,5
176,1,-155.484,-235.107,10,5
177,1,676.36,-200.18,10,5
178,1,597.595,-290.358,10,5
179,1,1054.07,-450.08,10,5
180,1,913.073,110.446,10,5
181,1,851.225,-571.084,10,5
182,1,1192.37,-202.509,10,5
183,1,1050.44,-285.547,10,5
184,1,871.755,-155.311,10,5
185,1,994.24,-605.271,10,5
186,1,857.014,-11.883,10,5
187,1,1184.73,-492.382,10,5
188,1,1222.12,-72.9942,10,5
189,1,1322.07,-210.588,10,5
190,1,986.647,158.996,10,5
191,1,1004.36,-289.685,10,5
192,1,1153.71,6.30266,10,5
193,1,773.387,209.206,10,5
194,1,968.736,-343.949,10,5
195,1,1012.47,-138.108,10,5
196,1,476.567,-58.8496,10,5
197,1,784.496,-485.699,10,5
198,1,1184.24,86.3973,10,5
199,1,582.457,-347.462,10,5
200,1,654.163,-344.004,10,5
201,1,745.224,269.346,10,5
202,1,699.079,-144.655,10,5
203,1,623.163,-405.477,10,5
204,1,619.689,-437.236,10,5
205,1,949.589,278.209,10,5
206,1,1045.09,-107.85,10,5
207,1,1085.64,-269.82,10,5
208,1,667.032,-147.67,10,5
209,1,1027.98,-413.738,10,5
210,1,610.627,191.4,10,5
211,1,650.956,199.642,10,5
212,1,851.404,-255.048,10,5
213,1,882.207,265.749,10,5
214,1,581.579,-500.097,10,5
215,1,818.905,44.679,10,5
216,1,1028.43,195.749,10,5
217,1,1219.77,86.3801,10,5
218,1,988.282,-590.282,10,5
219,1,1000.1,126.552,10,5
220,1,770.831,126.902,10,5
221,1,939.892,133.472,10,5
222,1,710.398,-215.162,10,5
223,1,846.147,-195.452,10,5
224,1,677.291,36.4281,10,5
225,1,756.422,228.744,10,5
226,1,876.47,227.279,10,5
227,1,449.094,-329.648,10,5
228,1,726.769,-588.895,10,5
229,1,813.019,-439.264,10,5
230,1,879.323,-205.607,10,5
231,1,453.391,-269.304,10,5
232,1,608.035,-446.39,10,5
233,1,588.53,-211.597,10,5
234,1,628.279,148.096,10,5
235,1,1034.76,-564.816,10,5
236,1,954.866,-100.546,10,5
237,1,1284.36,-13.8677,10,5
238,1,1053.17,188.676,10,5
239,1,787.148,-533.412,10,5
240,1,940.677,-174.593,10,5
241,1,815.916,65.6114,10,5
242,1,643.529,-558.417,10,5
243,1,1025.35,90.3654,10,5
244,1,670.231,-581.822,10,5
245,1,743.153,-404.618,10,5
246,1,1064.78,-317.552,10,5
247,1,1098.35,121.221,10,5
248,1,1098.53,-536.304,10,5
249,1,1083.04,-298.662,10,5
250,1,571.7,83.6433,10,5
251,1,1154.31,-446.234,10,5
252,1,869.432,-656.525,10,5
253,1,953.853,303.729,10,5
254,1,444.846,-328.296,10,5
255,1,531.454,-161.801,10,5
256,1,1317.71,-341.726,10,5
257,1,1054.09,-529.495,10,5
258,1,628.25,-591.265,10,5
259,1,1164.92,-286.584,10,5
260,1,1173.09,-447.411,10,5
261,1,620.502,-506.647,10,5
262,1,973.801,-614.974,10,5
263,1,871.708,212.595,10,5
264,1,702.083,-137.29,10,5
265,1,1034.02,-621.043,10,5
266,1,1187.48,-466.608,10,5
267,1,569.414,29.5495,10,5
268,1,573.34,-404.624,10,5
269,1,715.946,-221.058,10,5
270,1,823.081,-218.103,10,5
271,1,793.639,-517.789,10,5
272,1,1080.9,-486.433,10,5
273,1,1168.78,52.6498,10,5
274,1,793.018,-182.015,10,5
275,1,1024.9,-459.959,10,5
276,1,684.806,-430.723,10,5
277,1,105.231,-998.285,10,5
278,1,218.443,-962.764,10,5
279,1,14.792,-726.142,10,5
280,1,635.628,-747.712,10,5
281,1,263.668,-1095.78,10,5
282,1,548.697,-565.909,10,5
283,1,180.156,-1147.62,10,5
284,1,482.79,-1136.04,10,5
285,1,81.3421,-623.229,10,5
286,1,974.219,-939.593,10,5
287,1,861.326,-1056.27,10,5
288,1,324.917,-479.887,10,5
289,1,575.131,-457.803,10,5
290,1,833.099,-902.712,10,5
291,1,876.015,-1123.63,10,5
292,1,645.341,-487.342,10,5
293,1,591.173,-1226.72,10,5
294,1,718.232,-939.777,10,5
295,1,544.322,-1286.34,10,5
296,1,352.535,-520.708,10,5
297,1,163.062,-935.612,10,5
298,1,351.291,-948.603,10,5
299,1,211.373,-755.436,10,5
300,1,236.709,-1190.85,10,5
301,1,603.745,-419.265,10,5
302,1,618.438,-920.819,10,5
303,1,352.263,-637.708,10,5
304,1,275.532,-1103.25,10,5
305,1,336.619,-1142.58,10,5
306,1,857.683,-661.502,10,5
307,1,281.674,-892.697,10,5
308,1,799.667,-762.097,10,5
309,1,988.308,-769.471,10,5
310,1,155.759,-1058.03,10,5
311,1,875.245,-1111.25,10,5
312,1,664.09,-500.54,10,5
313,1,63.992,-762.485,10,5
314,1,192.998,-1173.48,10,5
315,1,660.168,-572.726,10,5
316,1,731.905,-1000.85,10,5
317,1,857.396,-1052.22,10,5
318,1,250.316,-757.292,10,5
319,1,673.683,-854.39,10,5
320,1,770.834,-1091.81,10,5
321,1,414.504,-1268.33,10,5
322,1,615.476,-553.672,10,5
323,1,620.565,-601.415,10,5
324,1,361.173,-946.322,10,5
325,1,675.42,-626.439,10,5
326,1,564.178,-816.125,10,5
327,1,600.589,-650.138,10,5
328,1,117.397,-701.249,10,5
329,1,645.333,-877.493,10,5
330,1,408.494,-884.198,10,5
331,1,231.891,-578.745,10,5
332,1,259.023,-691.812,10,5
333,1,526.339,-319.588,10,5
334,1,308.791,-885.034,10,5
335,1,829.332,-725.748,10,5
336,1,678.154,-1196.32,10,5
337,1,198.984,-404.851,10,5
338,1,861.281,-716.454,10,5
339,1,631.934,-409.266,10,5
340,1,419.743,-1068.92,10,5
341,1,817.302,-1054.43,10,5
342,1,447.658,-702.858,10,5
343,1,555.485,-1242.53,10,5
344,1,377.782,-1188.49,10,5
345,1,739.077,-955.249,10,5
346,1,512.795,-1069.74,10,5
347,1,587.777,-999.307,10,5
348,1,411.387,-859.465,10,5
349,1,667.892,-678.84,10,5
350,1,515.326,-612.47,10,5
351,1,406.472,-860.839,10,5
352,1,882.284,-1107.81,10,5
353,1,959.997,-631.036,10,5
354,1,259.861,-747.873,10,5
355,1,333.041,-903.66,10,5
356,1,211.052,-971.744,10,5
357,1,701.159,-1237.78,10,5
358,1,132.303,-860.138,10,5
359,1,477.913,-1032.16,10,5
360,1,473.152,-400.439,10,5
361,1,445.873,-812.18,10,5
362,1,776.441,-919.807,10,5
363,1,607.831,-449.29,10,5
364,1,283.35,-635.36,10,5
365,1,337.331,-1160.13,10,5
366,1,265.469,-706.463,10,5
367,1,424.908,-1072.95,10,5
368,1,604.852,-371.968,10,5
369,1,487.484,-383.996,10,5
370,1,965.825,-750.211,10,5
371,1,741.061,-1106.9,10,5
372,1,331.127,-428.731,10,5
373,1,54.6367,-874.105,10,5
374,1,508.21,-543.758,10,5
375,1,829.846,-637.602,10,5
376,1,809.494,-1046.42,10,5
377,1,-448.128,-578.196,10,5
378,1,-173.604,-588.109,10,5
379,1,-634.463,-193.632,10,5
380,1,-370.502,-921.366,10,5
381,1,-659.406,-570.85,10,5
382,1,-396.439,-275.149,10,5
383,1,-430.126,-647.467,10,5
384,1,-309.019,-474.083,10,5
385,1,-616.433,-978.681,10,5
386,1,-113.258,-329.133,10,5
387,1,-385.332,-749.983,10,5
388,1,-952.595,-533.732,10,5
389,1,-515.261,-640.39,10,5
390,1,-900.244,-802.668,10,5
391,1,-541.369,-1079.12,10,5
392,1,-157.646,-346.589,10,5
393,1,-372.101,-651.84,10,5
394,1,-560.552,-357.624,10,5
395,1,-465.932,-742.651,10,5
396,1,-527.853,-862.439,10,5
397,1,-298.039,-170.205,10,5
398,1,-511.843,-754.345,10,5
399,1,-65.9857,-653.676,10,5
400,1,-748.775,-250.111,10,5
401,1,-839.765,-510.314,10,5
402,1,-683.846,-833.644,10,5
403,1,-667.951,-705.644,10,5
404,1,-254.247,-449.008,10,5
405,1,-257.608,-291.293,10,5
406,1,-169.422,-290.134,10,5
407,1,-721.918,-712.933,10,5
408,1,-700.964,-916.023,10,5
409,1,-707.834,-150.422,10,5
410,1,-502.504,-772.802,10,5
411,1,-173.97,-513.805,10,5
412,1,-707.907,-463.242,10,5
413,1,-713.755,-540.581,10,5
414,1,-640.289,-291.745,10,5
415,1,-119.633,-585.478,10,5
416,1,-283.998,-357.102,10,5
417,1,-141.144,-376.367,10,5
418,1,-429.83,-1002.47,10,5
419,1,-128.957,-848.17,10,5
420,1,-422.15,-557.567,10,5
421,1,-729.843,-634.865,10,5
422,1,-373.679,-671.695,10,5
423,1,-816.793,-349.425,10,5
424,1,-792.372,-918.965,10,5
425,1,-831.55,-677.391,10,5
426,1,-355.416,-940.591,10,5
427,1,-315.033,-710.647,10,5
428,1,-447.789,-895.848,10,5
429,1,-637.509,-493.727,10,5
430,1,-411.612,-890.009,10,5
431,1,-530.712,-1082.43,10,5
432,1,-256.151,-969.311,10,5
433,1,-610.763,-987.828,10,5
434,1,-915.591,-639.242,10,5
435,1,-902.8,-604.978,10,5
436,1,-562.927,-674.937,10,5
437,1,-507.983,-986.173,10,5
438,1,-400.611,-453.836,10,5
439,1,-375.453,-183.612,10,5
440,1,-283.055,-954.936,10,5
441,1,-358.013,-225.556,10,5
442,1,-585.078,-449.335,10,5
443,1,-400.272,-702.352,10,5
444,1,-780.311,-566.296,10,5
445,1,-439.122,-344.305,10,5
446,1,-789.217,-1006.16,10,5
447,1,-459.957,-248.777,10,5
448,1,-436.379,-1075.35,10,5
449,1,-352.256,-387.849,10,5
450,1,-894.724,-749.367,10,5
451,1,-353.549,-771.536,10,5
452,1,-704.751,-951.524,10,5
453,1,-298.942,-990.769,10,5
454,1,-510.141,-682.676,10,5
455,1,-853.669,-810.631,10,5
456,1,-484.44,-1037.6,10,5
457,1,-552.058,-463.92,10,5
458,1,-370.958,-741.479,10,5
459,1,-393.024,-328.69,10,5
460,1,-810.647,-491.458,10,5
461,1,-617.687,-726.127,10,5
462,1,-735.958,-184.786,10,5
463,1,-648.327,-700.22,10,5
464,1,-373.777,-1005.84,10,5
465,1,-766.053,-419.367,10,5
466,1,-727.797,-438.373,10,5
467,1,-628.281,-675.773,10,5
468,1,-254.646,-789.853,10,5
469,1,-220.857,-878.089,10,5
470,1,-855.384,-515.207,10,5
471,1,-584.848,-370.745,10,5
472,1,-513.072,-219.644,10,5
473,1,-578.546,-430.797,10,5
474,1,-523.657,-945.703,10,5
475,1,-740.946,-579.783,10,5
476,1,-407.049,-740.77,10,5
477,1,-1134.5,-189.56,10,5
478,1,-844.083,240.943,10,5
479,1,-465.684,36.3678,10,5
480,1,-539.882,448.983,10,5
481,1,-759.558,627.273,10,5
482,1,-1290,54.6673,10,5
483,1,-1336.52,243.548,10,5
484,1,-562.896,-117.54,10,5
485,1,-1073.96,269.916,10,5
486,1,-788.577,-20.7738,10,5
487,1,-1023.17,-105.823,10,5
488,1,-1101.08,445.514,10,5
489,1,-1277.61,252.808,10,5
490,1,-961.472,-185.32,10,5
491,1,-928.797,136.827,10,5
492,1,-917.483,363.969,10,5
493,1,-1007.92,-165.735,10,5
494,1,-857.258,549.183,10,5
495,1,-834.931,436.583,10,5
496,1,-1217.02,117.195,10,5
497,1,-954.115,240.081,10,5
498,1,-518.731,397.842,10,5
499,1,-531.92,-195.622,10,5
500,1,-1156.06,111.091,10,5
501,1,-764.478,417.87,10,5
502,1,-1320.32,319.393,10,5
503,1,-1072.76,-258.143,10,5
504,1,-1033.35,269.316,10,5
505,1,-1035.8,218.184,10,5
506,1,-1289.03,-143.522,10,5
507,1,-531.264,441.983,10,5
508,1,-650.224,523.784,10,5
509,1,-1013.46,436.651,10,5
510,1,-1242.61,246.855,10,5
511,1,-907.289,-345.614,10,5
512,1,-748.046,108.473,10,5
513,1,-777.613,161.399,10,5
514,1,-511.939,-137.218,10,5
515,1,-578.167,226.542,10,5
516,1,-797.119,361.051,10,5
517,1,-821.831,-241.727,10,5
518,1,-587.894,298.206,10,5
519,1,-1176.98,330.127,10,5
520,1,-1258.49,-126.269,10,5
521,1,-1099.13,59.4725,10,5
522,1,-757.254,-240.733,10,5
523,1,-449.735,359.142,10,5
524,1,-1198.12,194.784,10,5
525,1,-1195.2,521.683,10,5
526,1,-752.62,66.4296,10,5
527,1,-511.79,-126.273,10,5
528,1,-720.144,594.782,10,5
529,1,-756.917,81.7297,10,5
530,1,-679.762,-297.384,10,5
531,1,-926.168,144.698,10,5
532,1,-790.471,394.63,10,5
533,1,-1069.89,-37.1724,10,5
534,1,-892.639,51.0811,10,5
535,1,-943.981,-144.793,10,5
536,1,-706.609,-45.6898,10,5
537,1,-1280.36,12.9294,10,5
538,1,-510.722,42.8721,10,5
539,1,-1105.01,-103.961,10,5
540,1,-393.56,173.45,10,5
541,1,-1207.04,509.928,10,5
542,1,-683.084,296.844,10,5
543,1,-806.841,-109.407,10,5
544,1,-724.756,539.67,10,5
545,1,-922.369,175.004,10,5
546,1,-1042.92,-300.117,10,5
547,1,-422.384,181.114,10,5
548,1,-714.179,504.695,10,5
549,1,-604.822,532.553,10,5
550,1,-1101.76,-269.873,10,5
551,1,-951.762,511.756,10,5
552,1,-636.495,523.362,10,5
553,1,-863.457,312.193,10,5
554,1,-1335.39,282.496,10,5
555,1,-1217.47,50.2523,10,5
556,1,-595.284,-226.804,10,5
557,1,-1261.95,466.052,10,5
558,1,-792.457,339.068,10,5
559,1,-886.507,446.618,10,5
560,1,-547.829,-49.9282,10,5
561,1,-1155.15,437.362,10,5
562,1,-1197.74,113.038,10,5
563,1,-1308.38,141.794,10,5
564,1,-491.288,192.088,10,5
565,1,-1196.37,-137.463,10,5
566,1,-1361.19,86.9514,10,5
567,1,-869.693,556.889,10,5
568,1,-947.314,-189.589,10,5
569,1,-841.849,-57.5211,10,5
570,1,-1023.32,403.926,10,5
571,1,-1029.96,-15.9571,10,5
572,1,-888.659,224.915,10,5
573,1,-682.936,393.118,10,5
574,1,-818.957,448.272,10,5
575,1,-860.526,-30.7016,10,5
576,1,-702.138,162.321,10,5
577,1,-223.42,495.604,10,5
578,1,-560.493,1094.04,10,5
579,1,-612.84,427.933,10,5
580,1,-305.504,959.316,10,5
581,1,-152.387,603.124,10,5
582,1,-754.389,573.494,10,5
583,1,-532.078,1029.64,10,5
584,1,-910.865,880.229,10,5
585,1,-714.226,1134.67,10,5
586,1,-334.84,520.254,10,5
587,1,-192.05,701.236,10,5
588,1,-895.35,381.284,10,5
589,1,-495.974,474.834,10,5
590,1,-872.579,744.785,10,5
591,1,-871.107,446.833,10,5
592,1,-349.834,497.23,10,5
593,1,-726.207,692.72,10,5
594,1,-318.948,686.041,10,5
595,1,-682.35,724.311,10,5
596,1,-506.687,422.465,10,5
597,1,-299.63,622.43,10,5
598,1,-550.344,590.41,10,5
599,1,-656.841,540.772,10,5
600,1,-626.381,747.016,10,5
601,1,-445.343,460.465,10,5
602,1,-1030.15,709.162,10,5
603,1,-447.069,918.666,10,5
604,1,-512.075,297.786,10,5
605,1,-842.856,677.979,10,5
606,1,-587.19,992.41,10,5
607,1,-425.848,805.484,10,5
608,1,-645.842,384.047,10,5
609,1,-492.089,1172.39,10,5
610,1,-177.619,608.121,10,5
611,1,-665.827,352.97,10,5
612,1,-728.44,1149.61,10,5
613,1,-504.964,896.143,10,5
614,1,-490.343,319.76,10,5
615,1,-726.229,1049.66,10,5
616,1,-463.448,633.05,10,5
617,1,-399.16,525.285,10,5
618,1,-138.274,569.222,10,5
619,1,-983.926,624.189,10,5
620,1,-449.095,679.207,10,5
621,1,-393.202,772.507,10,5
622,1,-621.588,855.611,10,5
623,1,-600.033,865.504,10,5
624,1,-797.67,495.694,10,5
625,1,-677.81,399.502,10,5
626,1,-625.43,1100.21,10,5
627,1,-738.245,1120.74,10,5
628,1,-290.602,937.989,10,5
629,1,-831.089,374.835,10,5
630,1,-822.668,1211.03,10,5
631,1,-585.118,993.159,10,5
632,1,-479.53,886.799,10,5
633,1,-695.828,709.868,10,5
634,1,-426.222,865.975,10,5
635,1,-530.539,278.638,10,5
636,1,-607.878,1210.58,10,5
637,1,-358.817,1068.45,10,5
638,1,-489.402,467.873,10,5
639,1,-861.727,576.877,10,5
640,1,-374.174,594.855,10,5
641,1,-396.462,816.375,10,5
642,1,-595.15,476.875,10,5
643,1,-645.097,320.931,10,5
644,1,-460.421,486.635,10,5
645,1,-657.406,594.122,10,5
646,1,-942.93,1104.39,10,5
647,1,-781.492,1072.84,10,5
648,1,-124.215,892.315,10,5
649,1,-749.346,699.809,10,5
650,1,-325.485,892.1,10,5
651,1,-373.217,956.911,10,5
652,1,-391.095,929.302,10,5
653,1,-226.262,465.119,10,5
654,1,-761.616,468.377,10,5
655,1,-819.741,1067.21,10,5
656,1,-493.164,475.222,10,5
657,1,-667.978,410.841,10,5
658,1,-610.049,438.806,10,5
659,1,-854.113,1036.64,10,5
660,1,-519.866,663.151,10,5
661,1,-657.559,547.491,10,5
662,1,-485.34,776.677,10,5
663,1,-604.666,665.616,10,5
664,1,-322.884,720.117,10,5
665,1,-543.352,856.281,10,5
666,1,-767.244,575.136,10,5
667,1,-866.033,1102.23,10,5
668,1,-832.535,713.327,10,5
669,1,-727.107,591.415,10,5
670,1,-591.938,749.027,10,5
671,1,-555.696,407.647,10,5
672,1,-861.483,988.276,10,5
673,1,-432.375,864.858,10,5
674,1,-285.213,624.318,10,5
675,1,-746.915,363.083,10,5
676,1,-899.921,719.709,10,5
677,1,769.375,896.043,10,5
678,1,-40.425,993.369,10,5
679,1,779.182,942.641,10,5
680,1,51.7902,1102.5,10,5
681,1,425.431,889.218,10,5
682,1,407.058,417.894,10,5
683,1,696.034,941.153,10,5
684,1,181.684,1145.46,10,5
685,1,657.268,899.35,10,5
686,1,-110.782,669.385,10,5
687,1,514.732,676.997,10,5
688,1,274.28,547.989,10,5
689,1,91.7388,517.154,10,5
690,1,474.914,796.67,10,5
691,1,19.5394,1020.65,10,5
692,1,7.15068,862.104,10,5
693,1,302.156,1341.83,10,5
694,1,569.628,997.533,10,5
695,1,336.712,513.365,10,5
696,1,625.54,513.097,10,5
697,1,-59.5837,836.676,10,5
698,1,35.6841,646.439,10,5
699,1,557.305,1286.16,10,5
700,1,556.643,822.347,10,5
701,1,141.879,1167.14,10,5
702,1,480.714,1039.34,10,5
703,1,461.041,409.969,10,5
704,1,86.1234,640.677,10,5
705,1,2.79099,702.905,10,5
706,1,-149.825,757.421,10,5
707,1,419.152,889.113,10,5
708,1,80.2075,974.285,10,5
709,1,693.487,797.131,10,5
710,1,16.5434,580.102,10,5
711,1,682.235,842.728,10,5
712,1,-10.6097,797.804,10,5
713,1,474.665,969.058,10,5
714,1,593.571,934.143,10,5
715,1,407.027,880.053,10,5
716,1,28.6104,897.833,10,5
717,1,-30.0999,715.671,10,5
718,1,102.481,678.386,10,5
719,1,106.722,878.845,10,5
720,1,370.068,745.599,10,5
721,1,361.099,573.003,10,5
722,1,771.414,991.562,10,5
723,1,124.024,1129.84,10,5
724,1,517.229,1081.99,10,5
725,1,773.154,855.549,10,5
726,1,810.427,1016.55,10,5
727,1,386.087,1234.98,10,5
728,1,47.4467,868.904,10,5
729,1,230.7,506.261,10,5
730,1,27.7382,554.74,10,5
731,1,189.977,797.72,10,5
732,1,445.869,993.053,10,5
733,1,273.861,430.426,10,5
734,1,112.268,899.763,10,5
735,1,588.666,798.517,10,5
736,1,296.111,1281.48,10,5
737,1,102.594,706.637,10,5
738,1,-126.535,714.235,10,5
739,1,451.164,457.742,10,5
740,1,265.632,1296.89,10,5
741,1,68.0422,951.805,10,5
742,1,428.969,456.436,10,5
743,1,558.277,711.204,10,5
744,1,726.73,896.054,10,5
745,1,507.091,495.396,10,5
746,1,138.658,1092.61,10,5
747,1,318.578,502.738,10,5
748,1,-3.41025,857.582,10,5
749,1,332.267,1350.2,10,5
750,1,238.173,648.515,10,5
751,1,383.366,1341.51,10,5
752,1,761.735,692.573,10,5
753,1,320.256,1206.6,10,5
754,1,354.59,744.752,10,5
755,1,386.076,957.278,10,5
756,1,560.676,530.541,10,5
757,1,54.813,1135.43,10,5
758,1,252.633,1109.48,10,5
759,1,575.965,705.856,10,5
760,1,671.221,590.338,10,5
761,1,581.269,789.714,10,5
762,1,661.291,1122.5,10,5
763,1,362.325,468.051,10,5
764,1,365.956,904.267,10,5
765,1,-64.0595,636.221,10,5
766,1,403.923,1304.31,10,5
767,1,387.532,658.886,10,5
768,1,270.019,773.724,10,5
769,1,159.41,590.331,10,5
770,1,709.939,1123.52,10,5
771,1,-134.12,970.369,10,5
772,1,-105.771,969.739,10,5
773,1,-51.7114,661.284,10,5
774,1,588.128,1099.61,10,5
775,1,391.546,887.199,10,5
776,1,360.866,951.674,10,5
777,1,2260.77,33.964,10,5
778,1,1905.22,-315.055,10,5
779,1,1745.79,266.773,10,5
780,1,1463.17,138.145,10,5
781,1,1782.24,-128.968,10,5
782,1,1611.58,221.962,10,5
783,1,2326.05,-261.682,10,5
784,1,1691.12,-272.663,10,5
785,1,1825.38,-259.325,10,5
786,1,2179.05,306.434,10,5
787,1,1812.86,-273.999,10,5
788,1,2119.06,-482.644,10,5
789,1,1897.84,92.7367,10,5
790,1,1921.11,-28.8718,10,5
791,1,2054.72,73.6977,10,5
792,1,2079.22,-170.729,10,5
793,1,1694.04,-392.894,10,5
794,1,1469.15,161.059,10,5
795,1,2112.38,363.781,10,5
796,1,2331.04,-185.861,10,5
797,1,2191.91,-138.536,10,5
798,1,1480.9,121.751,10,5
799,1,1968.26,53.8019,10,5
800,1,1863.62,404.821,10,5
801,1,1901.52,266.19,10,5
802,1,1677.67,-478.409,10,5
803,1,1705.99,-337.253,10,5
804,1,2144.31,-476.629,10,5
805,1,1822.58,-107.317,10,5
806,1,2280.63,-259.231,10,5
807,1,2080.52,365.635,10,5
808,1,2207.21,-412.335,10,5
809,1,1651.58,-6.92969,10,5
810,1,2114.06,-407.215,10,5
811,1,2174.93,301.795,10,5
812,1,1778.51,29.9266,10,5
813,1,2254.2,254.607,10,5
814,1,2185.89,-82.3435,10,5
815,1,2125.41,-193.746,10,5
816,1,2025.12,113.751,10,5
817,1,1695.88,-455.102,10,5
818,1,2141.54,111.245,10,5
819,1,1718.69,384.152,10,5
820,1,1961.09,414.589,10,5
821,1,2108.7,-86.8245,10,5
822,1,1747.14,-172.082,10,5
823,1,2248.73,-105.619,10,5
824,1,2247.94,-27.4277,10,5
825,1,1893.57,-516.033,10,5
826,1,2301.31,215.149,10,5
827,1,1671.72,-316.919,10,5
828,1,2347.4,-64.612,10,5
829,1,1609.95,333.93,10,5
830,1,2161.41,15.0075,10,5
831,1,1936.79,167.931,10,5
832,1,1486.78,150.434,10,5
833,1,2272.08,13.0141,10,5
834,1,1965.12,233.74,10,5
835,1,1587.02,25.8928,10,5
836,1,1927.52,273.365,10,5
837,1,1563.83,-351.101,10,5
838,1,1607.62,-285.878,10,5
839,1,1804.67,320.013,10,5
840,1,2009.91,-35.3494,10,5
841,1,1737.98,-13.62,10,5
842,1,2052.73,-120.779,10,5
843,1,1608.16,-427.887,10,5
844,1,2184.95,-476.083,10,5
845,1,2311.76,-309.57,10,5
846,1,1903.86,132.948,10,5
847,1,2265.47,164.688,10,5
848,1,2080.19,-4.33183,10,5
849,1,1968.03,198.433,10,5
850,1,1511.69,26.8177,10,5
851,1,1858.44,-474.54,10,5
852,1,2134.43,135.049,10,5
853,1,1513.51,-190.651,10,5
854,1,2328.18,-258.678,10,5
855,1,1672.67,370.009,10,5
856,1,2248.28,-352.241,10,5
857,1,2287.95,197.603,10,5
858,1,2239.56,-336.613,10,5
859,1,1895.86,-482.726,10,5
860,1,1866.59,-457.618,10,5
861,1,1539.22,-382.82,10,5
862,1,2036.39,-457.959,10,5
863,1,1713.15,-469.747,10,5
864,1,2126.07,-479.863,10,5
865,1,2115.01,124.35,10,5
866,1,1502.71,-260.378,10,5
867,1,2329.34,-49.7704,10,5
868,1,2061.89,285.262,10,5
869,1,1776.74,39.1385,10,5
870,1,1567.07,194.313,10,5
871,1,2152.27,65.5316,10,5
872,1,1711.88,-95.2846,10,5
873,1,2175.67,133.568,10,5
874,1,2296.43,-311.973,10,5
875,1,2160.5,257.936,10,5
876,1,1479.63,-45.0222,10,5
877,1,1265.68,-637.423,10,5
878,1,797.826,-1080.95,10,5
879,1,1494.4,-652.526,10,5
880,1,928.395,-811.555,10,5
881,1,1499.01,-532.662,10,5
882,1,893.327,-661.132,10,5
883,1,908.313,-1079.29,10,5
884,1,1262.86,-1041,10,5
885,1,894.98,-1257.23,10,5
886,1,831.761,-983.959,10,5
887,1,1219.3,-1291.9,10,5
888,1,1282.98,-642.232,10,5
889,1,758.886,-735.354,10,5
890,1,734.206,-1026.42,10,5
891,1,1488.51,-591.958,10,5
892,1,1281.65,-610.465,10,5
893,1,1599.79,-1029.93,10,5
894,1,1275.1,-819.03,10,5
895,1,965.357,-578.972,10,5
896,1,1018.98,-572.906,10,5
897,1,816.007,-667.014,10,5
898,1,1253.28,-869.86,10,5
899,1,1317.44,-438.871,10,5
900,1,1465.29,-509.752,10,5
901,1,1203.93,-1293.56,10,5
902,1,894.544,-668.381,10,5
903,1,900.998,-621.844,10,5
904,1,1262.83,-1327.67,10,5
905,1,950.199,-718.246,10,5
906,1,1173.39,-1240.17,10,5
907,1,1670.01,-830.595,10,5
908,1,1469.17,-1278.14,10,5
909,1,1074.37,-1349.28,10,5
910,1,1314.35,-874.803,10,5
911,1,898.754,-869.224,10,5
912,1,732.411,-1023.11,10,5
913,1,1534.83,-731.425,10,5
914,1,1422.18,-986.394,10,5
915,1,1072.06,-799.164,10,5
916,1,1336.3,-742.602,10,5
917,1,1235.48,-1234.42,10,5
918,1,1103.42,-1055.73,10,5
919,1,1449.63,-664.586,10,5
920,1,1545.24,-903.787,10,5
921,1,1275.71,-1296.2,10,5
922,1,1619.4,-762.981,10,5
923,1,965.715,-1293.48,10,5
924,1,1202.29,-1187.26,10,5
925,1,1397.95,-1259.64,10,5
926,1,916.87,-787.499,10,5
927,1,1600.84,-596.978,10,5
928,1,1201.45,-679.1,10,5
929,1,998.988,-960.509,10,5
930,1,747.295,-656.344,10,5
931,1,1192.91,-509.099,10,5
932,1,1233.89,-826.702,10,5
933,1,1604.66,-707.055,10,5
934,1,1282.14,-694.134,10,5
935,1,1164.36,-677.296,10,5
936,1,1142.47,-981.544,10,5
937,1,1523.74,-1139.32,10,5
938,1,1408.52,-1182.28,10,5
939,1,895.191,-1135.21,10,5
940,1,1505.61,-978.109,10,5
941,1,973.287,-644.905,10,5
942,1,1231.48,-1215.07,10,5
943,1,1148.5,-848.537,10,5
944,1,833.24,-1217.45,10,5
945,1,1234.48,-779.095,10,5
946,1,1487.61,-1006.75,10,5
947,1,1078.04,-947.784,10,5
948,1,806.824,-742.744,10,5
949,1,1474.37,-1147.29,10,5
950,1,1272.66,-1050.23,10,5
951,1,1260.09,-1226.39,10,5
952,1,1315.65,-486.502,10,5
953,1,1198.75,-766.911,10,5
954,1,1204.71,-417.196,10,5
955,1,1065.53,-1061.8,10,5
956,1,1165.82,-800.964,10,5
957,1,1082.67,-949.302,10,5
958,1,690.359,-842.302,10,5
959,1,1336.04,-803.005,10,5
960,1,1430.48,-943.161,10,5
961,1,1445.73,-481.737,10,5
962,1,1003.78,-1269.25,10,5
963,1,1359.75,-920.603,10,5
964,1,814.457,-611.054,10,5
965,1,1181.71,-1114.22,10,5
966,1,1550.27,-902.36,10,5
967,1,1162.95,-1093.39,10,5
968,1,1321.54,-404.782,10,5
969,1,1212.35,-543.023,10,5
970,1,1374.86,-1311.95,10,5
971,1,1086.85,-1008.15,10,5
972,1,1402.98,-995.145,10,5
973,1,1335.67,-594.071,10,5
974,1,1211.41,-629.993,10,5
975,1,969.714,-904.577,10,5
976,1,775.957,-879.386,10,5
977,1,1051.84,-1453.43,10,5
978,1,1407.73,-1229.03,10,5
979,1,578.473,-1596.29,10,5
980,1,1370.43,-1200.53,10,5
981,1,963.57,-1654.66,10,5
982,1,992.767,-1004.38,10,5
983,1,1111.57,-932.763,10,5
984,1,883.908,-1532.21,10,5
985,1,1290.98,-1055.2,10,5
986,1,669.469,-1433.03,10,5
987,1,1055.57,-1317.57,10,5
988,1,598.65,-1501.97,10,5
989,1,904.587,-1773.78,10,5
990,1,995.469,-1571.74,10,5
991,1,906.881,-1510.73,10,5
992,1,1339.62,-1425.63,10,5
993,1,1023.2,-1311.46,10,5
994,1,561.5,-1247.75,10,5
995,1,1108.76,-1707.59,10,5
996,1,588.231,-1390.66,10,5
997,1,1147.07,-1769.11,10,5
998,1,1011.22,-1328.67,10,5
999,1,649.401,-1698.04,10,5
1000,1,1242.97,-1047.55,10,5
1001,1,724.143,-1709.56,10,5
1002,1,1297.68,-1105.51,10,5
1003,1,878.154,-1776.26,10,5
1004,1,787.828,-1097,10,5
1005,1,913.122,-1217.55,10,5
1006,1,553.797,-1657.37,10,5
1007,1,1087.7,-1020.44,10,5
1008,1,693.536,-1478.79,10,5
1009,1,933.558,-1403.39,10,5
1010,1,1273.56,-1278.54,10,5
1011,1,595.152,-1429.88,10,5
1012,1,1255.66,-1399.02,10,5
1013,1,913.145,-1214,10,5
1014,1,656.363,-1009.84,10,5
1015,1,1276.5,-1543.96,10,5
1016,1,790.476,-1715.16,10,5
1017,1,1184.97,-995.448,10,5
1018,1,772.427,-950.006,10,5
1019,1,583.672,-1240.3,10,5
1020,1,767.936,-995.169,10,5
1021,1,1025.43,-1854.62,10,5
1022,1,891.978,-1865.45,10,5
1023,1,698.312,-1371.09,10,5
1024,1,914.333,-1226.65,10,5
1025,1,892.402,-1091.88,10,5
1026,1,519.91,-1452.34,10,5
1027,1,1261.03,-1580.48,10,5
1028,1,1093.68,-1194.8,10,5
1029,1,726.168,-1646.61,10,5
1030,1,1225.34,-1112.48,10,5
1031,1,1410.18,-1344.4,10,5
1032,1,1109.23,-1224.92,10,5
1033,1,675.557,-1547.45,10,5
1034,1,1042.18,-1346.86,10,5
1035,1,1213.01,-1192.23,10,5
1036,1,1027.25,-1841.79,10,5
1037,1,839.643,-1048.73,10,5
1038,1,1205.11,-1756.55,10,5
1039,1,1000.39,-1562.94,10,5
1040,1,1073.64,-1453.04,10,5
1041,1,636.237,-1360.16,10,5
1042,1,1194.46,-1593.27,10,5
1043,1,1050.05,-1408.96,10,5
1044,1,654.097,-1600.56,10,5
1045,1,556.063,-1500.76,10,5
1046,1,1206.11,-1094.25,10,5
1047,1,708.912,-1421.11,10,5
1048,1,951.201,-1544.41,10,5
1049,1,864.468,-1814.83,10,5
1050,1,1255,-1033.19,10,5
1051,1,1148.18,-938.854,10,5
1052,1,833.689,-1705.4,10,5
1053,1,658.75,-1180.87,10,5
1054,1,900.803,-1170.76,10,5
1055,1,856.505,-1576.44,10,5
1056,1,952.316,-1178.36,10,5
1057,1,839.239,-1518.33,10,5
1058,1,607.805,-1513.54,10,5
1059,1,1055.79,-1203.85,10,5
1060,1,1188.79,-1019.27,10,5
1061,1,1165.3,-1564.08,10,5
1062,1,908.483,-1064.58,10,5
1063,1,907.26,-1404.24,10,5
1064,1,700.796,-1408.61,10,5
1065,1,1125.39,-1750.6,10,5
1066,1,982.91,-1365.73,10,5
1067,1,559.036,-1559.71,10,5
1068,1,470.466,-1367.87,10,5
1069,1,782.248,-972.401,10,5
1070,1,1218.07,-951.875,10,5
1071,1,1289.55,-1387.67,10,5
1072,1,1199.21,-1059.43,10,5
1073,1,577.4,-1543.53,10,5
1074,1,1071.58,-963.294,10,5
1075,1,1162.26,-1610.14,10,5
1076,1,548.606,-1262.95,10,5
1077,1,-275.616,-1530.8,10,5
1078,1,-83.1354,-1142.24,10,5
1079,1,-332.885,-1683.85,10,5
1080,1,-4.941,-1416.94,10,5
1081,1,385.267,-1801.71,10,5
1082,1,154.76,-1561.03,10,5
1083,1,-26.931,-1934.44,10,5
1084,1,-347.659,-1366.64,10,5
1085,1,25.8777,-1481.89,10,5
1086,1,-286.801,-1647.75,10,5
1087,1,115.167,-1815.33,10,5
1088,1,312.01,-1400.59,10,5
1089,1,306.349,-1116,10,5
1090,1,367.308,-1578.2,10,5
1091,1,508.51,-1570.07,10,5
1092,1,446.305,-1509.44,10,5
1093,1,71.9006,-1209.38,10,5
1094,1,464.484,-1218.35,10,5
1095,1,184.531,-1145.87,10,5
1096,1,209.739,-1575.63,10,5
1097,1,173.384,-1062.64,10,5
1098,1,464.683,-1177.3,10,5
1099,1,-198.836,-1722.76,10,5
1100,1,129.552,-1635.04,10,5
1101,1,-149.747,-1648.31,10,5
1102,1,153.906,-1779.92,10,5
1103,1,157.548,-1945.19,10,5
1104,1,-348.1,-1679.39,10,5
1105,1,-220.111,-1654.68,10,5
1106,1,72.6366,-1121.56,10,5
1107,1,155.74,-1245.62,10,5
1108,1,436.732,-1420.88,10,5
1109,1,-67.4527,-1567.3,10,5
1110,1,-64.5036,-1079.22,10,5
1111,1,-49.9081,-1661.85,10,5
1112,1,392.76,-1847.59,10,5
1113,1,574.574,-1616.17,10,5
1114,1,186.292,-1855.12,10,5
1115,1,-267.252,-1587.35,10,5
1116,1,-6.09491,-1638.76,10,5
1117,1,384.102,-1652.57,10,5
1118,1,-313.809,-1440.21,10,5
1119,1,80.6141,-1385.54,10,5
1120,1,-221.758,-1822.82,10,5
1121,1,-342.158,-1658.76,10,5
1122,1,-253.533,-1226.8,10,5
1123,1,305.063,-1235.79,10,5
1124,1,99.9912,-1068.38,10,5
1125,1,-246.712,-1634.67,10,5
1126,1,-125.309,-1477.58,10,5
1127,1,126.032,-1784.78,10,5
1128,1,494.258,-1335.07,10,5
1129,1,-105.59,-1077.26,10,5
1130,1,-13.2208,-1038.56,10,5
1131,1,-325.252,-1252.98,10,5
1132,1,388.022,-1496.41,10,5
1133,1,-145.312,-1244.76,10,5
1134,1,496.471,-1427.07,10,5
1135,1,-302.124,-1545.9,10,5
1136,1,-43.701,-1492.73,10,5
1137,1,-359.906,-1614.42,10,5
1138,1,344.753,-1821.59,10,5
1139,1,20.9132,-1350.95,10,5
1140,1,-274.131,-1198.45,10,5
1141,1,-153.3,-1887.66,10,5
1142,1,368.818,-1308.19,10,5
1143,1,114.794,-1294.82,10,5
1144,1,319.37,-1188.51,10,5
1145,1,428.831,-1489.08,10,5
1146,1,-189.252,-1340.74,10,5
1147,1,-136.777,-1266.52,10,5
1148,1,113.571,-1923.63,10,5
1149,1,451.384,-1755.07,10,5
1150,1,-168.853,-1306.41,10,5
1151,1,-337.462,-1297.18,10,5
1152,1,-395.896,-1490.12,10,5
1153,1,204.069,-1766.91,10,5
1154,1,-2.37707,-1646.83,10,5
1155,1,-12.7255,-1456.15,10,5
1156,1,262.736,-1455.56,10,5
1157,1,263.236,-1556.38,10,5
1158,1,-105.291,-1540.19,10,5
1159,1,19.8715,-1082.7,10,5
1160,1,72.8452,-1753.58,10,5
1161,1,238.471,-1348.74,10,5
1162,1,-12.1418,-1827.5,10,5
1163,1,-198.846,-1650.3,10,5
1164,1,81.1914,-1145.24,10,5
1165,1,133.606,-1084.69,10,5
1166,1,422.987,-1738.63,10,5
1167,1,-187.351,-1622.47,10,5
1168,1,-89.1485,-1733.44,10,5
1169,1,94.4798,-1766.07,10,5
1170,1,-124.869,-1512.7,10,5
1171,1,-135.794,-1202.61,10,5
1172,1,-8.83223,-1238.85,10,5
1173,1,-109.609,-1902.27,10,5
1174,1,-383.97,-1408.43,10,5
1175,1,-122.774,-1547.2,10,5
1176,1,132.537,-1083.39,10,5
1177,1,-1098.81,-1177.27,10,5
1178,1,-511.144,-1212.87,10,5
1179,1,-868.947,-975.924,10,5
1180,1,-857.93,-1837.13,10,5
1181,1,-418.318,-1286.58,10,5
1182,1,-745.542,-992.119,10,5
1183,1,-952.056,-1696.48,10,5
1184,1,-352.47,-1069.25,10,5
1185,1,-384.721,-1611.68,10,5
1186,1,-601.884,-1633.72,10,5
1187,1,-781.108,-1666.26,10,5
1188,1,-1170.76,-1618.43,10,5
1189,1,-273.388,-1255.03,10,5
1190,1,-560.673,-1489.99,10,5
1191,1,-529.62,-1525.79,10,5
1192,1,-937.935,-1575.07,10,5
1193,1,-369.257,-1555,10,5
1194,1,-901.248,-1544.84,10,5
1195,1,-969.64,-1164.61,10,5
1196,1,-587.524,-1083.27,10,5
1197,1,-621.379,-1659.5,10,5
1198,1,-408.914,-1423.9,10,5
1199,1,-614.766,-1344.87,10,5
1200,1,-1211.47,-1228.9,10,5
1201,1,-590.945,-1578.33,10,5
1202,1,-880.044,-1004.6,10,5
1203,1,-1016.45,-1753.23,10,5
1204,1,-1140.64,-1502.97,10,5
1205,1,-557.996,-1644.07,10,5
1206,1,-406.722,-1625.92,10,5
1207,1,-729.879,-1727.32,10,5
1208,1,-369.759,-1199.4,10,5
1209,1,-759.688,-944.445,10,5
1210,1,-415.419,-1582.38,10,5
1211,1,-621.432,-1316.08,10,5
1212,1,-311.496,-1201.65,10,5
1213,1,-833.75,-1358.32,10,5
1214,1,-959.046,-1074.02,10,5
1215,1,-390.618,-1094.59,10,5
1216,1,-1202.34,-1181.71,10,5
1217,1,-383.33,-1135.22,10,5
1218,1,-1167.97,-1466.29,10,5
1219,1,-848.612,-1479.05,10,5
1220,1,-1066.35,-1222.4,10,5
1221,1,-1020.38,-1457.8,10,5
1222,1,-707.906,-1087.79,10,5
1223,1,-578.13,-1572.5,10,5
1224,1,-581.065,-1368.14,10,5
1225,1,-274.192,-1377.86,10,5
1226,1,-749.124,-1478.02,10,5
1227,1,-304.429,-1425.23,10,5
1228,1,-445.54,-1520.95,10,5
1229,1,-615.635,-1588.69,10,5
1230,1,-268.997,-1425.25,10,5
1231,1,-463.993,-1211.05,10,5
1232,1,-590.576,-1492.6,10,5
1233,1,-580.071,-1083.12,10,5
1234,1,-371.19,-1602.88,10,5
1235,1,-1039.46,-1404.72,10,5
1236,1,-777.172,-1229.38,10,5
1237,1,-915.629,-1679.33,10,5
1238,1,-1025.89,-1126.08,10,5
1239,1,-653.239,-1657.93,10,5
1240,1,-1021.77,-1716.86,10,5
1241,1,-820.933,-1057.59,10,5
1242,1,-601.09,-1574.11,10,5
1243,1,-619.635,-944.15,10,5
1244,1,-759.897,-1460.26,10,5
1245,1,-344.389,-1244.93,10,5
1246,1,-575.521,-1390.8,10,5
1247,1,-433.254,-1021.95,10,5
1248,1,-818.136,-1101.17,10,5
1249,1,-814.146,-1149.2,10,5
1250,1,-375.589,-1108.68,10,5
1251,1,-1044.68,-1448.76,10,5
1252,1,-565.646,-1507.38,10,5
1253,1,-548.418,-1537.02,10,5
1254,1,-750.704,-1778.24,10,5
1255,1,-910.383,-1633.56,10,5
1256,1,-1233.92,-1310.39,10,5
1257,1,-677.033,-1641.91,10,5
1258,1,-642.564,-877.194,10,5
1259,1,-358.938,-1072.82,10,5
1260,1,-560.82,-1327.34,10,5
1261,1,-769.78,-1396.34,10,5
1262,1,-808.108,-922.814,10,5
1263,1,-487.781,-1632.31,10,5
1264,1,-573.158,-1257.14,10,5
1265,1,-731.928,-1576.42,10,5
1266,1,-472.723,-1383.65,10,5
1267,1,-1186.25,-1536.5,10,5
1268,1,-1079.38,-1415.84,10,5
1269,1,-615.138,-1138.9,10,5
1270,1,-445.368,-1024.98,10,5
1271,1,-940.145,-1706.77,10,5
1272,1,-686.578,-1696.95,10,5
1273,1,-278.507,-1528.67,10,5
1274,1,-854.349,-1331.43,10,5
1275,1,-423.556,-1484.66,10,5
1276,1,-619.395,-997.588,10,5
1277,1,-1665.27,-731.318,10,5
1278,1,-1413.53,-954.167,10,5
1279,1,-1036.69,-506.208,10,5
1280,1,-1552.62,-418.12,10,5
1281,1,-1408.3,-975.637,10,5
1282,1,-868.628,-911.61,10,5
1283,1,-1528.02,-415.48,10,5
1284,1,-1413.03,-544.483,10,5
1285,1,-930.391,-592.828,10,5
1286,1,-1063.73,-340.156,10,5
1287,1,-1374.72,-558.94,10,5
1288,1,-848.796,-735.73,10,5
1289,1,-1295.38,-973.751,10,5
1290,1,-1080.01,-564.904,10,5
1291,1,-1165.99,-795.383,10,5
1292,1,-1469.99,-811.635,10,5
1293,1,-1023.62,-796.424,10,5
1294,1,-900.945,-1021.21,10,5
1295,1,-1486.12,-620.619,10,5
1296,1,-1371.28,-781.615,10,5
1297,1,-1046.97,-955.979,10,5
1298,1,-996.276,-702.896,10,5
1299,1,-966.194,-482.076,10,5
1300,1,-1369.86,-549.694,10,5
1301,1,-1231.7,-1024.17,10,5
1302,1,-1396.51,-758.559,10,5
1303,1,-1364.37,-992.449,10,5
1304,1,-1177.62,-960.221,10,5
1305,1,-767.645,-618.758,10,5
1306,1,-1677.35,-710.552,10,5
1307,1,-1061.16,-686.839,10,5
1308,1,-995.338,-244.191,10,5
1309,1,-1292.25,-585.545,10,5
1310,1,-938.794,-1008.25,10,5
1311,1,-1329.3,-313.278,10,5
1312,1,-1049.72,-619.387,10,5
1313,1,-733.186,-645.598,10,5
1314,1,-1324.15,-531.036,10,5
1315,1,-1517.85,-315.519,10,5
1316,1,-1180.09,-483.274,10,5
1317,1,-1476.45,-272.618,10,5
1318,1,-1245.09,-553.224,10,5
1319,1,-1300.36,-553.513,10,5
1320,1,-1512.15,-539.717,10,5
1321,1,-818.327,-914.93,10,5
1322,1,-1048.16,-215.192,10,5
1323,1,-974.957,-490.805,10,5
1324,1,-1277.59,-982.824,10,5
1325,1,-1511.57,-387.186,10,5
1326,1,-1434.71,-287.478,10,5
1327,1,-954.333,-528.561,10,5
1328,1,-1182.44,-761.346,10,5
1329,1,-1338.11,-468.655,10,5
1330,1,-984.68,-303.744,10,5
1331,1,-953.465,-757.1,10,5
1332,1,-1121.01,-886.962,10,5
1333,1,-1140.54,-518.721,10,5
1334,1,-1372.76,-318.291,10,5
1335,1,-968.528,-295.064,10,5
1336,1,-1146.65,-728.641,10,5
1337,1,-1246.87,-765.459,10,5
1338,1,-829.314,-853.328,10,5
1339,1,-1572.55,-433.367,10,5
1340,1,-1313.74,-206.908,10,5
1341,1,-1192.18,-254.551,10,5
1342,1,-1498.54,-600.159,10,5
1343,1,-967.339,-695.999,10,5
1344,1,-1408.17,-432.983,10,5
1345,1,-1573.23,-546.125,10,5
1346,1,-915.798,-623.593,10,5
1347,1,-923.649,-981.593,10,5
1348,1,-1260.48,-707.086,10,5
1349,1,-789.882,-879.412,10,5
1350,1,-1359.06,-667.712,10,5
1351,1,-1226.06,-961.244,10,5
1352,1,-984.912,-399.654,10,5
1353,1,-1335.92,-617.833,10,5
1354,1,-1348.47,-192.779,10,5
1355,1,-1347.41,-1003.5,10,5
1356,1,-1466.6,-1065.33,10,5
1357,1,-1154.39,-471.306,10,5
1358,1,-1207.92,-449.175,10,5
1359,1,-1574.2,-472.777,10,5
1360,1,-1685.17,-533.128,10,5
1361,1,-961.018,-429.218,10,5
1362,1,-1309.8,-157.506,10,5
1363,1,-1379.01,-180.362,10,5
1364,1,-993.702,-652.631,10,5
1365,1,-889.934,-769.936,10,5
1366,1,-1336.33,-241.742,10,5
1367,1,-942.351,-793.047,10,5
1368,1,-1084.68,-369.845,10,5
1369,1,-1561.57,-571.013,10,5
1370,1,-1239.65,-441.908,10,5
1371,1,-759.786,-537.021,10,5
1372,1,-1037.8,-507.537,10,5
1373,1,-967.374,-523.809,10,5
1374,1,-1478.64,-396.561,10,5
1375,1,-818.977,-847.749,10,5
1376,1,-1295.65,-579.935,10,5
1377,1,-1505.57,-275.191,10,5
1378,1,-1859.57,19.0472,10,5
1379,1,-1674.71,383.354,10,5
1380,1,-1999.85,-31.4066,10,5
1381,1,-1668.82,17.8288,10,5
1382,1,-1574.17,-55.7008,10,5
1383,1,-1454.99,467.1,10,5
1384,1,-1429.78,81.0689,10,5
1385,1,-1590.56,162.191,10,5
1386,1,-1976.18,-163.557,10,5
1387,1,-1999.83,-135.824,10,5
1388,1,-1978.92,441.964,10,5
1389,1,-2063.25,-105.731,10,5
1390,1,-1968.78,-203.438,10,5
1391,1,-1718.11,281.275,10,5
1392,1,-1829.49,-24.6029,10,5
1393,1,-1666.06,-109.812,10,5
1394,1,-1677.32,108.641,10,5
1395,1,-2101.19,-91.5911,10,5
1396,1,-1970.18,176.286,10,5
1397,1,-1651.91,-229.916,10,5
1398,1,-2167.89,106.276,10,5
1399,1,-1645.18,399.548,10,5
1400,1,-1607.49,341.566,10,5
1401,1,-2065.86,-193.662,10,5
1402,1,-1530.91,-91.3163,10,5
1403,1,-1811.21,256.309,10,5
1404,1,-1377.94,407.166,10,5
1405,1,-1340.71,-213.604,10,5
1406,1,-1887.85,88.3713,10,5
1407,1,-1583.94,31.3455,10,5
1408,1,-1743.03,475.967,10,5
1409,1,-1470.54,326.041,10,5
1410,1,-1659.99,-368.394,10,5
1411,1,-1702.07,266.922,10,5
1412,1,-1610.65,92.1413,10,5
1413,1,-2062.1,32.7635,10,5
1414,1,-1264.72,-31.3329,10,5
1415,1,-1493.25,132.617,10,5
1416,1,-1370.77,301.254,10,5
1417,1,-1190.61,7.15546,10,5
1418,1,-1548.76,-200.182,10,5
1419,1,-1615.53,534.711,10,5
1420,1,-1653.86,220.88,10,5
1421,1,-1763.01,-359.795,10,5
1422,1,-1795.66,450.388,10,5
1423,1,-1729.21,-324.682,10,5
1424,1,-2122.24,219.95,10,5
1425,1,-1478.18,129.173,10,5
1426,1,-1940.24,-77.6423,10,5
1427,1,-2003.77,300.472,10,5
1428,1,-1968.16,429.712,10,5
1429,1,-1635.83,326.934,10,5
1430,1,-1861.12,-155.219,10,5
1431,1,-2118.25,48.1523,10,5
1432,1,-1360.23,-74.798,10,5
1433,1,-1725.16,-390.035,10,5
1434,1,-1507.58,-408.726,10,5
1435,1,-1691.51,-37.798,10,5
1436,1,-1396.28,224.285,10,5
1437,1,-1748.05,-253.564,10,5
1438,1,-1501.39,327.577,10,5
1439,1,-1326.07,-90.2803,10,5
1440,1,-1693.2,60.3039,10,5
1441,1,-1547.76,-405.499,10,5
1442,1,-1780.78,244.856,10,5
1443,1,-2070.74,-95.4181,10,5
1444,1,-1313.99,283.756,10,5
1445,1,-1260.83,30.7539,10,5
1446,1,-1364.4,187.483,10,5
1447,1,-1730,55.8339,10,5
1448,1,-1460.65,20.0092,10,5
1449,1,-1600.17,-387.822,10,5
1450,1,-1513.92,365.416,10,5
1451,1,-1579.58,-181.889,10,5
1452,1,-1321.98,11.8463,10,5
1453,1,-1809.83,-93.8294,10,5
1454,1,-1307.8,18.4269,10,5
1455,1,-1707.85,-231.53,10,5
1456,1,-2008.71,-125.738,10,5
1457,1,-1581.75,510.517,10,5
1458,1,-1753.66,-385.981,10,5
1459,1,-2093.22,-148.58,10,5
1460,1,-2044.64,-67.0507,10,5
1461,1,-2064.96,-54.9233,10,5
1462,1,-1631.84,69.2903,10,5
1463,1,-1757.93,-20.6736,10,5
1464,1,-1630.31,360.553,10,5
1465,1,-1537.63,-227.287,10,5
1466,1,-1327.02,-132.776,10,5
1467,1,-1968.12,-337.173,10,5
1468,1,-1582.13,294.039,10,5
1469,1,-1489.15,113.906,10,5
1470,1,-1395.35,-287.201,10,5
1471,1,-2018.49,73.1414,10,5
1472,1,-1876.06,421.903,10,5
1473,1,-1748.23,141.773,10,5
1474,1,-2158.35,126.357,10,5
1475,1,-1636.04,-9.03705,10,5
1476,1,-2003.44,89.4209,10,5
1477,1,-1370.43,476.65,10,5
1478,1,-831.271,834.444,10,5
1479,1,-815.873,888.768,10,5
1480,1,-1450.85,750.168,10,5
1481,1,-840.642,682.266,10,5
1482,1,-1597.71,983.812,10,5
1483,1,-1459.84,1150.49,10,5
1484,1,-1275.93,1150.84,10,5
1485,1,-1517.17,508.751,10,5
1486,1,-1236.32,612.734,10,5
1487,1,-1577.82,668.55,10,5
1488,1,-1159.23,783.835,10,5
1489,1,-776.711,718.006,10,5
1490,1,-1509.24,647.705,10,5
1491,1,-1026.25,748.952,10,5
1492,1,-821.297,883.943,10,5
1493,1,-1351.32,716.935,10,5
1494,1,-1211.43,1133.23,10,5
1495,1,-1139.47,320.872,10,5
1496,1,-997.162,371.319,10,5
1497,1,-1285.79,983.187,10,5
1498,1,-1556.34,555.485,10,5
1499,1,-925.496,1118.22,10,5
1500,1,-1357.57,1155.23,10,5
1501,1,-1278.68,759.567,10,5
1502,1,-1179.29,701.394,10,5
1503,1,-1591.99,460.295,10,5
1504,1,-826.161,810.215,10,5
1505,1,-1386.12,415.328,10,5
1506,1,-796.07,751.489,10,5
1507,1,-1237.87,637.271,10,5
1508,1,-1328.79,961.182,10,5
1509,1,-968.305,1049.83,10,5
1510,1,-975.525,329.159,10,5
1511,1,-1419.31,1094.75,10,5
1512,1,-1412.78,406.931,10,5
1513,1,-1001.98,609.749,10,5
1514,1,-1229.03,859.783,10,5
1515,1,-897.245,978.555,10,5
1516,1,-1082.8,389.026,10,5
1517,1,-1508.39,491.876,10,5
1518,1,-1399.74,623.308,10,5
1519,1,-1567.4,596.685,10,5
1520,1,-1123.55,521.454,10,5
1521,1,-1050.03,1170.39,10,5
1522,1,-812.705,484.007,10,5
1523,1,-1049.37,561.136,10,5
1524,1,-1185.65,773.202,10,5
1525,1,-980.482,311.679,10,5
1526,1,-1027.12,653.935,10,5
1527,1,-1469.43,472.453,10,5
1528,1,-1082.77,405.549,10,5
1529,1,-1134.97,619.001,10,5
1530,1,-1622.1,506.09,10,5
1531,1,-1340.95,469.6,10,5
1532,1,-1474.45,731.771,10,5
1533,1,-1046.91,767.802,10,5
1534,1,-1586.82,737.877,10,5
1535,1,-1259.42,476.344,10,5
1536,1,-1011.34,312.968,10,5
1537,1,-887.867,1031.49,10,5
1538,1,-1018.82,292.117,10,5
1539,1,-732.253,632.29,10,5
1540,1,-765.616,692.851,10,5
1541,1,-789.739,520.319,10,5
1542,1,-852.75,636.685,10,5
1543,1,-1638.62,785.552,10,5
1544,1,-960.982,887.604,10,5
1545,1,-979.803,409.468,10,5
1546,1,-1197.5,1110.38,10,5
1547,1,-793.945,890.007,10,5
1548,1,-1155.03,626.29,10,5
1549,1,-1027.69,531.286,10,5
1550,1,-1423.6,438.024,10,5
1551,1,-1445.39,504.754,10,5
1552,1,-1635.55,774.846,10,5
1553,1,-1106.8,1005.92,10,5
1554,1,-1244.67,557.797,10,5
1555,1,-1214.01,1166.9,10,5
1556,1,-1012.19,672.694,10,5
1557,1,-1588.86,474.116,10,5
1558,1,-1231.39,605.16,10,5
1559,1,-1477.81,393.279,10,5
1560,1,-1490.57,952.165,10,5
1561,1,-1600.78,825.595,10,5
1562,1,-845.156,774.334,10,5
1563,1,-1580.51,1004.65,10,5
1564,1,-1419.85,607.87,10,5
1565,1,-1047.38,940.13,10,5
1566,1,-967.19,382.254,10,5
1567,1,-1268.32,468.083,10,5
1568,1,-1680.95,723.866,10,5
1569,1,-1363.45,571.347,10,5
1570,1,-766.996,921.395,10,5
1571,1,-761.488,519.917,10,5
1572,1,-870,884.273,10,5
1573,1,-864.513,467.694,10,5
1574,1,-1489.05,517.636,10,5
1575,1,-1249.75,722.75,10,5
1576,1,-1088.8,768.364,10,5
1577,1,-1281.9,1927.22,10,5
1578,1,-1226.53,1587.97,10,5
1579,1,-1030.52,1304.61,10,5
1580,1,-1310.52,1483.19,10,5
1581,1,-869.699,1528.95,10,5
1582,1,-1204.9,1484.25,10,5
1583,1,-726.176,1532.99,10,5
1584,1,-929.644,1568.33,10,5
1585,1,-577.867,1326.31,10,5
1586,1,-798.399,1208.15,10,5
1587,1,-1381.55,1435.6,10,5
1588,1,-1385.9,1331.76,10,5
1589,1,-1286.21,1471.37,10,5
1590,1,-1175.33,1409.27,10,5
1591,1,-1131.81,1808.33,10,5
1592,1,-1068.82,1877.48,10,5
1593,1,-1435.08,1624.18,10,5
1594,1,-996.644,1261.45,10,5
1595,1,-955.511,1233.71,10,5
1596,1,-1506.18,1527.41,10,5
1597,1,-1488.46,1715.52,10,5
1598,1,-736.093,1366.79,10,5
1599,1,-1132.94,1537.74,10,5
1600,1,-1342.72,1427.2,10,5
1601,1,-737.671,1537.96,10,5
1602,1,-727.324,1299.78,10,5
1603,1,-842.064,1204.95,10,5
1604,1,-805.2,1660.72,10,5
1605,1,-1148.46,1083.44,10,5
1606,1,-1065.83,1491.02,10,5
1607,1,-762.684,1792.85,10,5
1608,1,-1327.29,1227.64,10,5
1609,1,-1281.31,1702.17,10,5
1610,1,-999.06,1274.67,10,5
1611,1,-1140.73,1241.11,10,5
1612,1,-881.843,1518.74,10,5
1613,1,-1074.54,1977.91,10,5
1614,1,-1426.69,1328.76,10,5
1615,1,-896.377,1498.13,10,5
1616,1,-949.841,1503.35,10,5
1617,1,-1534.12,1511.88,10,5
1618,1,-1294.98,1327.39,10,5
1619,1,-1424.88,1661.03,10,5
1620,1,-1103.77,1305.23,10,5
1621,1,-1185.98,1621.81,10,5
1622,1,-826.952,1763.4,10,5
1623,1,-779.058,1141.97,10,5
1624,1,-837.098,1605.11,10,5
1625,1,-815.645,1888.81,10,5
1626,1,-1459.55,1699.44,10,5
1627,1,-835.306,1746.46,10,5
1628,1,-736.496,1435.68,10,5
1629,1,-1379.45,1642.9,10,5
1630,1,-746.703,1624.92,10,5
1631,1,-1155.23,1370.48,10,5
1632,1,-1222.27,1503.66,10,5
1633,1,-917.961,1522.03,10,5
1634,1,-1384.32,1561.61,10,5
1635,1,-1030.89,1281.57,10,5
1636,1,-1187.89,1361.02,10,5
1637,1,-1227.1,1882.42,10,5
1638,1,-1175.65,1320.35,10,5
1639,1,-1471.58,1430.48,10,5
1640,1,-1398.11,1707.9,10,5
1641,1,-1423.64,1225.04,10,5
1642,1,-1459.89,1361.73,10,5
1643,1,-1134.7,1835.75,10,5
1644,1,-772.48,1806.27,10,5
1645,1,-836.978,1567.07,10,5
1646,1,-826.673,1836.04,10,5
1647,1,-1182.19,1863.26,10,5
1648,1,-937.325,1212.03,10,5
1649,1,-1102.59,1228.09,10,5
1650,1,-896.876,1173.37,10,5
1651,1,-1358.44,1601.25,10,5
1652,1,-1366.24,1186.57,10,5
1653,1,-963.948,1728.48,10,5
1654,1,-661.804,1312.85,10,5
1655,1,-756.045,1472.48,10,5
1656,1,-1365.22,1702.29,10,5
1657,1,-830.496,1921.14,10,5
1658,1,-1207.46,1786.61,10,5
1659,1,-1384.03,1544.54,10,5
1660,1,-897.668,1816.7,10,5
1661,1,-1189.28,1228.66,10,5
1662,1,-957.525,1970.16,10,5
1663,1,-959.472,1477.04,10,5
1664,1,-1231.97,1862.01,10,5
1665,1,-1116.23,1662.51,10,5
1666,1,-872.787,1881.13,10,5
1667,1,-1438.51,1264.08,10,5
1668,1,-1488.79,1454.55,10,5
1669,1,-746.239,1625.36,10,5
1670,1,-1173.3,1488.29,10,5
1671,1,-938.293,1023.71,10,5
1672,1,-1332.41,1084.71,10,5
1673,1,-755.276,1086.73,10,5
1674,1,-1304.25,1609.31,10,5
1675,1,-1414.53,1621.54,10,5
1676,1,-946.259,1351.46,10,5
1677,1,-287.022,1180.53,10,5
1678,1,-510.89,1278.76,10,5
1679,1,10.7684,1588.11,10,5
1680,1,-368.641,1133.74,10,5
1681,1,276.118,1216.08,10,5
1682,1,149.84,1649.7,10,5
1683,1,-55.8476,953.54,10,5
1684,1,-202.427,1726.53,10,5
1685,1,56.554,1283.99,10,5
1686,1,-293.456,1603.87,10,5
1687,1,-537.045,1472.04,10,5
1688,1,162.851,1272.8,10,5
1689,1,355.522,1276.02,10,5
1690,1,-161.629,1476.94,10,5
1691,1,28.5558,1086.29,10,5
1692,1,-393.944,1544.28,10,5
1693,1,374.956,1229.43,10,5
1694,1,-97.0573,1586.59,10,5
1695,1,233.335,1780.2,10,5
1696,1,-64.6942,1321.19,10,5
1697,1,-484.347,1178.42,10,5
1698,1,-367.668,1505,10,5
1699,1,66.1955,1016.66,10,5
1700,1,-60.3372,1018.54,10,5
1701,1,92.4712,1348.91,10,5
1702,1,236.504,1381.59,10,5
1703,1,384.856,1375.07,10,5
1704,1,-65.5357,947.872,10,5
1705,1,-85.0978,1223.61,10,5
1706,1,277.036,1342,10,5
1707,1,-201.432,1133.71,10,5
1708,1,311.152,1400.77,10,5
1709,1,-289.115,1572.91,10,5
1710,1,-143.341,1068.06,10,5
1711,1,133.749,1708.72,10,5
1712,1,-451.981,1212.21,10,5
1713,1,-165.529,1492.04,10,5
1714,1,112.968,1539.69,10,5
1715,1,93.5844,1006.13,10,5
1716,1,229.255,1131.28,10,5
1717,1,378.552,1397.25,10,5
1718,1,178.693,1846.79,10,5
1719,1,-109.238,951.284,10,5
1720,1,198.592,1221.39,10,5
1721,1,315.381,1667.48,10,5
1722,1,345.431,1531.6,10,5
1723,1,-91.0634,1509.21,10,5
1724,1,-411.773,1672.49,10,5
1725,1,-114.206,1601.19,10,5
1726,1,5.3521,1742.7,10,5
1727,1,-403.015,1120.82,10,5
1728,1,-45.2318,1486.62,10,5
1729,1,40.8907,1217.92,10,5
1730,1,-8.99105,1824.64,10,5
1731,1,55.3194,1505.31,10,5
1732,1,-184.719,1512.16,10,5
1733,1,273.76,1324.16,10,5
1734,1,321.374,1532.32,10,5
1735,1,-557.915,1522.9,10,5
1736,1,65.5913,1770.92,10,5
1737,1,-10.855,1204.79,10,5
1738,1,-144.447,1541.78,10,5
1739,1,-77.4083,1856.01,10,5
1740,1,-115.097,1067.77,10,5
1741,1,204.572,1038.06,10,5
1742,1,244.869,1324.81,10,5
1743,1,-100.085,1265.24,10,5
1744,1,-458.781,1449.19,10,5
1745,1,-327.603,1772.88,10,5
1746,1,-10.1072,1748.49,10,5
1747,1,64.1211,1068.83,10,5
1748,1,-520.23,1435.14,10,5
1749,1,117.216,1736.57,10,5
1750,1,-467.127,1524.21,10,5
1751,1,-480.108,1489.49,10,5
1752,1,25.8622,1668.12,10,5
1753,1,159.719,1166.12,10,5
1754,1,-175.27,1572.62,10,5
1755,1,-74.4892,1567.78,10,5
1756,1,-176.529,1310.75,10,5
1757,1,299.956,1475.68,10,5
1758,1,-481.579,1259.02,10,5
1759,1,-116.98,1316.27,10,5
1760,1,-130.927,1532.14,10,5
1761,1,-41.41,1066.15,10,5
1762,1,-460.441,1476.08,10,5
1763,1,232.46,1810.36,10,5
1764,1,-236.876,1654.61,10,5
1765,1,-529.618,1384.64,10,5
1766,1,361.715,1204.57,10,5
1767,1,-239.683,1476.74,10,5
1768,1,-113.36,1711.2,10,5
1769,1,-367.642,1162.94,10,5
1770,1,-511.945,1604.72,10,5
1771,1,-138.977,1297.95,10,5
1772,1,317.821,1303.62,10,5
1773,1,-243.87,1108.36,10,5
1774,1,-379.414,1511.13,10,5
1775,1,-479.565,1237.64,10,5
1776,1,-346.843,1552.22,10,5
1777,1,770.831,1071.62,10,5
1778,1,1141.84,1568.57,10,5
1779,1,482.993,1608.27,10,5
1780,1,854.705,990.829,10,5
1781,1,952.89,1129.44,10,5
1782,1,733.963,1654,10,5
1783,1,733.98,1877.84,10,5
1784,1,617.382,1561.88,10,5
1785,1,718.476,1301.85,10,5
1786,1,750.054,1217.89,10,5
1787,1,530.253,1519.91,10,5
1788,1,1140.44,1111.89,10,5
1789,1,627.643,1213.12,10,5
1790,1,802.84,1016.9,10,5
1791,1,554.417,1049.61,10,5
1792,1,916.871,1104.85,10,5
1793,1,1214.84,1557.18,10,5
1794,1,1063.42,1559.23,10,5
1795,1,362.224,1610.48,10,5
1796,1,962.086,1565.54,10,5
1797,1,735.742,1700.59,10,5
1798,1,427.625,1270.99,10,5
1799,1,490.718,1778.11,10,5
1800,1,770.151,1333.24,10,5
1801,1,1106.61,1308.05,10,5
1802,1,979.552,1619.5,10,5
1803,1,786.137,1304.17,10,5
1804,1,801.589,1711.39,10,5
1805,1,808.229,1888.17,10,5
1806,1,1240.93,1322.29,10,5
1807,1,510.887,1026.05,10,5
1808,1,625.033,1784.2,10,5
1809,1,672.765,1093.55,10,5
1810,1,862.089,1537.74,10,5
1811,1,760.498,1654.95,10,5
1812,1,495.686,1624.37,10,5
1813,1,546.754,960.326,10,5
1814,1,843.002,1416.04,10,5
1815,1,1057.88,1045.57,10,5
1816,1,1213.96,1490.82,10,5
1817,1,738.94,1592.59,10,5
1818,1,803.433,1499.18,10,5
1819,1,876.66,1704.88,10,5
1820,1,447.635,1454.23,10,5
1821,1,462.017,1514.07,10,5
1822,1,695.285,1519.01,10,5
1823,1,776.706,1790.47,10,5
1824,1,918.488,925.941,10,5
1825,1,1252.03,1489.66,10,5
1826,1,1017.76,1499.27,10,5
1827,1,786.296,1726.68,10,5
1828,1,961.773,950.447,10,5
1829,1,402.292,1674.64,10,5
1830,1,1006.71,1295.71,10,5
1831,1,540.077,953.986,10,5
1832,1,1201.53,1618.9,10,5
1833,1,936.683,1598.95,10,5
1834,1,1064.72,1389.23,10,5
1835,1,716.762,1052.11,10,5
1836,1,810.066,1191.27,10,5
1837,1,917.951,1302.93,10,5
1838,1,767.165,1591.44,10,5
1839,1,777.382,1275.43,10,5
1840,1,1115.6,1671.74,10,5
1841,1,980.931,1408.39,10,5
1842,1,994.524,1511.54,10,5
1843,1,449.686,1043.79,10,5
1844,1,809.305,1461.64,10,5
1845,1,788.482,1222.59,10,5
1846,1,705.882,1714.02,10,5
1847,1,1027.24,1547.46,10,5
1848,1,590.676,1548.25,10,5
1849,1,579.251,1146.55,10,5
1850,1,501.555,1252.88,10,5
1851,1,952.82,1153.22,10,5
1852,1,342.054,1304.69,10,5
1853,1,336.742,1472.28,10,5
1854,1,988.523,1289.65,10,5
1855,1,824.432,1304.17,10,5
1856,1,1230.48,1441.45,10,5
1857,1,804.723,1542.49,10,5
1858,1,1128.7,1680.56,10,5
1859,1,1037.42,1376.51,10,5
1860,1,1076.26,1078.68,10,5
1861,1,615.926,1510.07,10,5
1862,1,888.78,1717.34,10,5
1863,1,392.546,1353.46,10,5
1864,1,729.067,1195.41,10,5
1865,1,1035.35,1333.71,10,5
1866,1,325.209,1315.71,10,5
1867,1,698.52,1295.37,10,5
1868,1,628.13,1300.07,10,5
1869,1,969.387,1088.2,10,5
1870,1,545.169,1734.04,10,5
1871,1,492.969,1278.98,10,5
1872,1,339.779,1304.18,10,5
1873,1,385.81,1494.07,10,5
1874,1,532.725,1154.76,10,5
1875,1,1083.45,1224.95,10,5
1876,1,846.028,1661.93,10,5
1877,1,878.201,1191.19,10,5
1878,1,1263.86,325.775,10,5
1879,1,1146.93,424.871,10,5
1880,1,1354.59,596.093,10,5
1881,1,706.178,581.058,10,5
1882,1,1449.57,431.553,10,5
1883,1,800.676,896.939,10,5
1884,1,1039.79,1244.5,10,5
1885,1,1190.3,1175.38,10,5
1886,1,735.034,483.168,10,5
1887,1,1259.59,1084.05,10,5
1888,1,940.071,1023.13,10,5
1889,1,1375.86,342.907,10,5
1890,1,1199.81,368.685,10,5
1891,1,1345.59,1124.03,10,5
1892,1,1285.24,1052.88,10,5
1893,1,1023.59,272.149,10,5
1894,1,923.772,1061.69,10,5
1895,1,885.264,876.29,10,5
1896,1,1409.22,367.578,10,5
1897,1,1530.71,745.281,10,5
1898,1,1362.37,561.026,10,5
1899,1,1193.13,940.904,10,5
1900,1,861.8,959.552,10,5
1901,1,1496.06,453.933,10,5
1902,1,1115.9,893.011,10,5
1903,1,726.057,720.108,10,5
1904,1,811.907,832.846,10,5
1905,1,869.94,666.072,10,5
1906,1,1525.06,766.678,10,5
1907,1,1302.82,786.668,10,5
1908,1,1238.21,1168.08,10,5
1909,1,1346.27,1029.28,10,5
1910,1,1118.01,1129.67,10,5
1911,1,1128.59,602.71,10,5
1912,1,677.026,645.798,10,5
1913,1,1271.09,473.544,10,5
1914,1,1119.04,809.462,10,5
1915,1,799.353,522.589,10,5
1916,1,809.347,956.89,10,5
1917,1,750.437,567.949,10,5
1918,1,964.439,688.554,10,5
1919,1,1125.3,847.385,10,5
1920,1,681.8,883.81,10,5
1921,1,1031.96,1088.63,10,5
1922,1,826.511,782.501,10,5
1923,1,803.363,471.473,10,5
1924,1,1512.56,899.782,10,5
1925,1,1156.01,1024.56,10,5
1926,1,921.852,1223.13,10,5
1927,1,737.193,1039.82,10,5
1928,1,1128.43,519.27,10,5
1929,1,985.964,1235.64,10,5
1930,1,1124.23,1229.95,10,5
1931,1,722.713,623.51,10,5
1932,1,958.627,870.86,10,5
1933,1,991.727,1237.44,10,5
1934,1,1150.49,1106.44,10,5
1935,1,1514.66,764.092,10,5
1936,1,1077.55,1024.02,10,5
1937,1,1380.95,1089.2,10,5
1938,1,735.734,521.317,10,5
1939,1,733.43,916.973,10,5
1940,1,699.645,719.078,10,5
1941,1,1524.21,591.578,10,5
1942,1,929.474,525.236,10,5
1943,1,953.595,471.531,10,5
1944,1,653.394,559.699,10,5
1945,1,769.087,1060.3,10,5
1946,1,1398.46,375.5,10,5
1947,1,861.932,825.79,10,5
1948,1,1491.68,941.247,10,5
1949,1,1158.19,1024.99,10,5
1950,1,1120.53,991.357,10,5
1951,1,1453.18,712.536,10,5
1952,1,930.14,752.72,10,5
1953,1,1099.74,912.982,10,5
1954,1,1401.25,471.187,10,5
1955,1,1082.98,444.775,10,5
1956,1,879.414,1105.32,10,5
1957,1,1201.65,1245.13,10,5
1958,1,1571.63,805.986,10,5
1959,1,785.887,971.843,10,5
1960,1,1370.99,405.001,10,5
1961,1,775.612,1023.84,10,5
1962,1,1029.29,303.463,10,5
1963,1,1531.77,640.047,10,5
1964,1,925.235,646.725,10,5
1965,1,1481.64,1007.93,10,5
1966,1,996.46,841.201,10,5
1967,1,877.256,1175.27,10,5
1968,1,1241.48,1112.52,10,5
1969,1,1232.91,753.533,10,5
1970,1,1053.01,1183.82,10,5
1971,1,722.547,849.08,10,5
1972,1,746.003,966.326,10,5
1973,1,833.689,568.106,10,5
1974,1,1075.95,745.31,10,5
1975,1,1426.85,787.385,10,5
1976,1,1183.53,450.176,10,5
1977,1,-283.097,-197.188,10,5
1978,1,891.564,223.304,10,5
1979,1,-164.485,-727.017,10,5
1980,1,-515.23,-426.898,10,5
1981,1,-809.061,-543.285,10,5
1982,1,107.772,808.589,10,5
1983,1,340.897,1022.11,10,5
1984,1,1601.3,-41.6193,10,5
1985,1,1572.45,-715.712,10,5
1986,1,685.283,-1864.25,10,5
1987,1,-372.473,-1127.5,10,5
1988,1,-1192.28,-1279.34,10,5
1989,1,-1296.99,-480.428,10,5
1990,1,-1985,-133.237,10,5
1991,1,-1474.45,792.737,10,5
1992,1,-898.567,1446.87,10,5
1993,1,-217.721,1934.64,10,5
1994,1,504.28,1314.49,10,5
1995,1,1691.45,947.111,10,5
1996,1,-234.418,183.55,10,5
1997,1,796.077,227.152,10,5
1998,1,816.968,-934.801,10,5
1999,1,-133.024,-672.614,10,5
2000,1,-1056.86,-137.945,10,5
2001,1,-801.172,1095.29,10,5
2002,1,327.347,799.067,10,5
2003,1,1611.59,24.3447,10,5
2004,1,1099.97,-856.395,10,5
2005,1,827.809,-1230.19,10,5
2006,1,88.6407,-966.063,10,5
2007,1,-1181.13,-1491.65,10,5
2008,1,-1001.6,-716.869,10,5
2009,1,-1774.28,61.2447,10,5
2010,1,-1297.6,840.882,10,5
2011,1,-536.33,1651.33,10,5
2012,1,215.987,1264.3,10,5
2013,1,956.019,1198.09,10,5
2014,1,1206.37,932.589,10,5
2015,1,333.622,-168.062,10,5
2016,1,1165.97,1.54173,10,5
2017,1,358.177,-334.131,10,5
2018,1,-484.787,-270.769,10,5
2019,1,-981.954,368.347,10,5
2020,1,-520.735,577.975,10,5
2021,1,814.354,438.183,10,5
2022,1,1904.55,82.3004,10,5
2023,1,1113.4,-231.173,10,5
2024,1,780.801,-1959.3,10,5
2025,1,-155.874,-1154.4,10,5
2026,1,-398.772,-1311.24,10,5
2027,1,-1234.76,-621.047,10,5
2028,1,-1912.82,-99.0289,10,5
2029,1,-1030.9,637.269,10,5
2030,1,-571.172,1786.15,10,5
2031,1,248.083,1171.59,10,5
2032,1,1114.83,1301.01,10,5
2033,1,1016.38,1041.88,10,5
