X,Y,RxPow
-179.1,155.22,-23.028
59.504,-269.21,-34.871
23.426,-454.49,-42.24
63.519,-374.7,-38.214
-303.38,-97.09,-37.063
-16.737,-31.216,-10.787
272.06,304.81,-35.405
-281.06,29.421,-27.681
233.13,-73.738,-21.591
-70.334,1.3609,-13.473
-257.9,-453.65,-37.167
35.689,-418.5,-41.835
160.29,-561.38,-38.729
117.19,247.13,-28.13
246.84,-645.62,-31.681
400.14,-153.3,-35.675
-281.73,-122.86,-34.5
48.601,157.3,-20.186
234.49,-22.741,-16.331
-283.37,-100.02,-34.769
-29.801,-608.95,-41.135
87.387,-618.14,-39.912
-63.776,17.609,-14.768
-202.05,-180.03,-39.716
340.64,472.31,-39.563
-173.24,-470.01,-39.252
492.21,-142.73,-39.27
255.66,403.61,-38.896
566.91,7.7532,-38.773
672.21,44.947,-34.708
-402.44,-32.749,-36.94
205.9,-80.482,-22.782
-86.297,-270.39,-37.055
284.48,396.75,-41.337
-67.551,352.19,-34.569
126.91,0.98155,-17.963
119.31,-202.9,-28.83
353.5,-171.28,-36.063
181.94,317.9,-34.979
-174.59,-251.48,-39.721
-88.117,-12.227,-12.627
137.06,299.98,-32.321
-221.49,-171.35,-34.224
438.82,266.05,-40.012
413.27,-104.4,-37.956
-112.34,201.38,-23.747
339.01,224.5,-35.118
-331,6.2717,-32.564
-67.281,-491.84,-40.714
-404.6,-20.005,-34.845
-263.2,213.38,-33.84
346.49,-52.643,-30.684
550.48,-488.07,-35.85
198.84,115.78,-19.86
-272.93,190.27,-32.714
-332.3,-276.14,-39.362
691.36,-38.776,-32.888
28.189,327.3,-29.87
29.576,283.27,-25.793
395.12,137.21,-35.107
-111.6,-370.73,-39.252
203.02,-590.5,-39.158
340.92,-296.72,-38.376
-210.27,-250.64,-42.008
285.35,-140.3,-29.981
-157.62,-120.06,-28.787
452.89,-392.74,-39.795
-268.25,155.06,-30.272
-294.17,-41.997,-31.472
488.7,-521.51,-32.271
-181.01,40.96,-16.413
233.33,-462.52,-41.754
186.14,85.443,-17.303
593.11,-51.616,-37.474
-35.95,-111.52,-25.441
282.25,-274.02,-35.475
-142.52,-393.53,-40.259
551.94,-194.03,-39.899
364.53,-444.32,-41.518
667.78,-60.714,-35.058
-205.12,-264.11,-39.236
511.16,95.411,-36.922
538.53,93.148,-37.959
362.55,308.02,-38.451
225.06,-4.6685,-17.397
-260.22,38.345,-23.246
-87.078,35.446,-16.504
614.59,77.566,-35.542
112.36,55.916,-16.644
301.5,435.84,-39.251
211.32,34.773,-5.5292
690.96,-86.645,-34.219
-200.28,-500.49,-36.856
46.53,296.81,-27.273
-144.49,-18.018,-21.601
198.09,41.812,-3.0862
320.38,-345.29,-38.634
-375.99,-25.009,-36.358
263.77,-535.9,-40.919
-366.18,72.379,-32.822
1286.4,-383.96,-41.077
813.82,-434.94,-36.25
1014.9,491.51,-41.604
1501.3,77.21,-41.852
905.87,-378.75,-40.899
1187.4,559.48,-41.71
1507.3,375.54,-40.565
1189.6,340.15,-31.983
1211.9,-167.83,-32.432
1005.4,-221.79,-34.79
1565.8,-39.725,-38.008
1521.1,-201.16,-40.228
939.56,364.96,-38.292
862.54,420.78,-38.046
1114,-404.31,-40.959
812.63,150.42,-35.443
1349.1,-31.551,-33.512
891.35,-9.5694,-18.203
1542.1,-246.8,-41.519
816.56,-202.23,-38.435
1291.9,514.47,-40.679
848.02,8.8199,-17.129
721.71,-162.11,-36.859
1115.6,-318.26,-34.939
1359.7,-299.46,-39.772
724.58,-227.42,-38.5
1239.5,-400.78,-40.924
1187.4,193.35,-14.78
1585.4,222.47,-39.34
1707,-63.002,-35.862
1471.7,249,-39.505
1133.3,156.93,-23.358
674.21,12.734,-33.024
958.25,275.45,-32.754
847.43,437.2,-39.575
1607.6,-146.48,-40.372
1240.5,-382.44,-42.42
1495.4,-129.04,-40.051
1368.5,428.52,-39.058
1142.8,-64.25,-25.367
1459.5,-8.0643,-37.628
1448.8,-437.21,-39.094
1136.6,-164.81,-32.516
1562.9,-352.94,-43.186
1031.5,-511.68,-43.583
737.59,-254.74,-41.451
1089.7,531.98,-42.123
1613.8,-288.61,-43.141
1103.5,-285.8,-38.153
1257.3,120.83,-23.278
1248,191.14,-22.3
813.78,-426.52,-41.398
791.15,-167.82,-37.514
1047.4,476.17,-37.451
1305.6,545.69,-40.983
1228.3,-266.75,-38.637
1458.1,360.88,-41.217
1719.9,-72.92,-33.991
1011.2,-503.93,-39.774
937.21,-258.09,-37.17
1141.2,-257.93,-38.378
1326.5,559.22,-37.413
1358.4,108.41,-34.048
1273.1,-510.19,-41.437
773.67,371.21,-40.164
1459.6,-357.14,-42.406
1558.6,167.99,-39.679
775.47,-189.18,-35.845
1697.4,183.57,-34.722
970.58,201.51,-27.104
1266.8,-215.46,-35.234
632.48,38.972,-37.196
1213.1,-395.73,-42.304
1309.3,-372.31,-41.303
1024.5,332.84,-35.232
1262.1,-98.915,-30.917
1095.7,-104.2,-24.913
1668.5,121.73,-35.044
1421.1,466.97,-40.515
763.7,-48.396,-25.8
1224.5,-351.19,-40.111
1493.5,431.37,-42.172
1494.9,-388.4,-42.264
656.57,118.96,-36.99
736.9,-272.29,-39.667
1335.3,328.24,-34.766
1667.7,-1.1572,-36.101
926.44,423.29,-39.83
1329.2,163.91,-30.419
1291.8,379.59,-34.815
1065.5,-52.987,-18.825
943.85,-14.435,-15.089
1509.2,286.69,-39.005
1459.8,-169.02,-39.818
946.84,283.33,-34.307
1324.2,-161.54,-37.245
1212.9,-63.78,-25.213
1646,-115.68,-36.65
1154.6,-376.18,-40.637
894.31,-128.96,-26.245
774.93,-784.21,-26.367
466.27,-610.01,-23.85
837.77,-773.75,-36.611
222.41,-464.32,-40.03
687.62,-1024.3,-28.864
801.91,-593.14,-35.498
259.64,-1244.9,-40.707
296.02,-435.23,-41.202
218.12,-938.38,-34.687
-16.134,-1081.8,-42.042
286.85,-1187.1,-43.089
648.83,-936.28,-25.355
164.72,-1079.8,-40.771
679.72,-800.01,1.3975
-39.22,-893.26,-40.619
28.737,-590.17,-41.976
781.11,-812.13,-25.176
375.85,-995.71,-23.56
287.75,-716.13,-23.817
108.99,-1019.4,-40.702
-124.88,-860.46,-37.082
577.76,-734.43,-22.642
589.42,-622.58,-29.363
445.42,-1343,-41.023
43.038,-701.28,-39.801
357.96,-652.61,-23.735
242.44,-1108.6,-40.749
61.335,-716.01,-39.156
-16.983,-737.17,-40.967
48.581,-1345.2,-36.296
455.36,-934.37,-15.459
-207.23,-857.35,-33.151
121.58,-1070.6,-39.671
901.76,-929.15,-36.645
71.114,-532.23,-41.189
608.07,-400.51,-39.842
353.01,-577.38,-32.391
671.41,-722.35,-18.133
-64.528,-1201.8,-43.445
435.08,-821.17,-13.232
420.67,-547.63,-33.697
618,-391.6,-41.256
-85.131,-956.59,-39.204
464.82,-309.5,-42.353
867.66,-713.56,-34.134
864.72,-1099,-36.965
686.45,-1040.3,-29.066
674.15,-1141.2,-32.89
212.79,-1389.1,-39.112
200.85,-837.3,-33.695
-81.769,-706.75,-40.706
779.48,-1080.9,-35.495
795.39,-1232,-38.516
722.49,-703.66,-21.71
472.32,-1051.4,-27.798
211.27,-892.39,-36.74
-123.18,-777.49,-37.656
373.1,-874.55,-20.038
293.86,-633.02,-29.838
679.75,-911.75,-22.262
869.86,-686.64,-34.417
206.53,-315.68,-38.739
216.25,-663.64,-34.582
220.06,-883.39,-33.367
894.28,-690.45,-36.406
644.33,-590.1,-35.602
259.89,-955.78,-28.879
515.5,-489.12,-35.398
628.43,-793.23,-15.542
890.72,-823.03,-35.568
11.806,-611.28,-39.942
854.81,-1050.3,-36.242
394.94,-321.82,-40.504
631.88,-1175.9,-34.013
818.01,-617.89,-34.436
479.89,-1031.9,-19.832
362.53,-1089.3,-32.234
491.21,-751.33,-15.984
138.49,-462.37,-41.512
553.46,-578.7,-30.978
122.91,-1066.7,-41.09
541.76,-1073.5,-21.733
292.52,-746.74,-21.887
353.66,-1215.1,-38.807
180.13,-392.74,-43.695
357.43,-385.12,-39.365
262.4,-630.58,-33.496
-38.017,-1042.8,-42.159
664.43,-654.01,-28.756
568.93,-770.57,-15.679
236.19,-325.34,-39.963
309.7,-756.69,-21.067
684.71,-708,-20.369
575.44,-583.11,-31.953
652.03,-784.75,-21.828
419.3,-1330.7,-41.628
-71.258,-1060.9,-40.547
779.19,-1201.6,-36.636
199.49,-1307.3,-40.504
349.57,-841.87,-26.101
-435.92,-414.91,-39.444
-491.72,-1242.5,-42.74
152.25,-1074.9,-41.485
-403.3,-629.24,-23.432
-80.292,-861.89,-40.085
-508.17,-1140.8,-37.226
-495.74,-1405.3,-42.836
-799.42,-848.61,-31.566
-482.36,-846.21,-15.39
-204.68,-697.22,-31.694
70.214,-1159.7,-42.544
-189.93,-1043.1,-35.481
-230.44,-1209.3,-39.469
-596.76,-1301,-42.688
-69.912,-819.81,-38.664
-283.87,-1223.6,-39.535
-154.34,-592.36,-37.206
-524.2,-1067.4,-33.11
-945,-940,-40.947
-688.06,-614.89,-36.436
-370.64,-805.44,-16.267
-541.81,-1463,-41.408
-377.71,-1168,-36.283
-593.77,-822.19,-18.351
-314.05,-502.68,-34.027
-589.83,-813.18,-1.1588
-661.75,-716.58,-26.672
-519.67,-675.49,-22.777
-695.56,-1419.4,-38.078
-346.45,-1409.2,-43.871
-676.18,-582.96,-35.833
4.6002,-865.73,-39.259
-11.313,-665.23,-41.75
-741.47,-1213.9,-37.895
-947.49,-1093.7,-43.566
-65.003,-552.17,-41.843
120.71,-836.79,-37.173
-601.46,-1397.9,-39.448
-213.47,-898.98,-31.496
-142.63,-1037.3,-38.239
-572.07,-1220.4,-33.025
-505.86,-830.86,-16.632
-598.44,-1367,-42.601
-482.03,-594.2,-33.718
-445.5,-1054.2,-29.172
-275.55,-873.71,-25.072
-513.37,-1049.8,-31.731
-857.3,-1110.3,-40.305
-410.08,-1165.2,-37.222
-543.28,-647.14,-26.801
-181,-602.54,-34.749
-167.78,-849.71,-38.312
-556.69,-454.87,-39.979
-78.464,-979.71,-39.63
-94.924,-1381.3,-41.398
-783.22,-1081.1,-36.16
-428.59,-364.62,-40.806
-907.85,-1163.5,-40.29
-719.21,-1354.7,-37.494
-483.83,-595.34,-30.551
-108.53,-1100.4,-39.821
-750.35,-678.43,-33.443
-921.07,-699.29,-38.582
-439.95,-683.72,-28.532
-110.66,-585.45,-39.177
-708.11,-868.83,-26.74
-12.93,-775.39,-40.474
-742.33,-866.19,-26.532
-417.57,-539.85,-32.401
-477.72,-1091.5,-34.965
-574.9,-699,-19.83
-746.37,-1216.1,-40.869
-308.99,-697.02,-21.81
-900.67,-1097,-41.819
111.4,-793.9,-36.721
-174.03,-409.31,-39.546
-244.54,-512.06,-36.999
-858.38,-930.13,-31.447
-885.68,-1080.7,-41.368
-236.45,-1373.7,-43.883
-619.35,-713.04,-20.887
-24.15,-976.09,-40.304
-286.27,-1295,-41.706
-364.02,-1054.5,-32.344
-83.013,-1164.1,-40.393
-239.51,-685.03,-30.314
-495.83,-1421.4,-39.967
-41.632,-1340.8,-41.969
-48.345,-1042.7,-41.003
-415.82,-1498.4,-43.3
-430.13,-369.22,-40.702
-39.349,-1061.8,-39.507
-784.23,-963.14,-36.772
-271.03,-856,-25.528
-304.14,-391.39,-36.022
-395.34,-1371.2,-40.841
-139.12,-507.25,-39.191
150.51,-804.7,-33.158
-184.28,-446.58,-40.372
-239.29,-911.16,-30.166
-582.51,-142.77,-39.384
-1444.2,-231.55,-41.346
-703.55,-309.95,-40.801
-1480.6,-258.43,-41.825
-1166.8,260.23,-34.791
-1102.7,437.47,-40.168
-936.2,448.27,-36.465
-1186.3,624.95,-40.597
-743.66,258.7,-33.054
-1168.6,-98.628,-28.38
-1511.7,388.75,-38.652
-732.49,-55.784,-32.306
-814.91,-37.345,-26.454
-1339.3,-72.867,-38.28
-1142.3,485.23,-40.825
-1336,136.15,-38.808
-1208.2,164.37,-34.137
-847.48,-120.24,-26.224
-697.89,-68.112,-36.789
-831.91,236.03,-23.527
-1321.1,-168.11,-39.724
-1359.7,-365.47,-42.962
-800.53,-410.21,-39.709
-1042.1,-475.4,-42.117
-1359.7,332.76,-40.723
-576.96,160.04,-38.745
-1228.6,622.95,-36.638
-985.87,333.97,-31.657
-978.22,572.97,-40.339
-1484.4,84.322,-41.95
-1237.9,617,-39.513
-1227.2,-384.36,-41.247
-645.91,164.05,-37.876
-517.41,-17.5,-39.68
-953.97,153.05,-15.348
-1043.8,560.9,-40.512
-1555.5,344.29,-41.254
-1363.4,18.218,-37.136
-915.41,-190.41,-28.157
-940.64,306.59,-24.414
-1115.2,-174.92,-33.487
-998.67,75.194,-11.937
-943.51,290.56,-25.201
-1076,429.54,-40.97
-589.19,-10.086,-39.106
-874.69,-142.49,-25.893
-1206.3,-342.64,-41.086
-596.23,-30.467,-39.19
-781.43,547.87,-37.229
-1149.8,-204.78,-36.516
-518.06,96.266,-39.391
-713.95,-11.08,-32.514
-846.99,-257.77,-29.861
-1296.3,-351.26,-41.698
-958.81,-439.91,-42.265
-736.97,-157.15,-35.631
-540.1,177.32,-41.344
-1325.8,21.081,-36.79
-671.38,380.7,-37.267
-1223.4,8.402,-29.588
-1456.7,10.347,-39.621
-1232.6,305.36,-37.683
-759.7,95.216,-30.566
-846.97,23.358,-18.129
-1077.2,549.17,-40.57
-1335.2,215.21,-39.575
-1331.4,-178.93,-38.721
-1250.3,-283.64,-40.855
-832.49,-163.81,-29.119
-823.85,469.31,-36.903
-1029.2,211.33,-18.867
-962.09,320.71,-29.125
-600.97,-15.64,-37.826
-1213.1,154.78,-31.785
-1651.5,90.746,-38.835
-1028.1,143.77,-19.46
-1436.3,265.36,-40.08
-1085.5,453.83,-40.552
-996.63,-181.58,-25.212
-1181.9,-2.2832,-24.401
-1011.4,21.124,-6.3358
-1219.1,466.67,-38.641
-1555,393.52,-40.559
-772.7,60.701,-28.634
-1197.7,265.52,-37.677
-680.91,-59.184,-35.398
-1034.9,275.7,-25.811
-1071.7,-173.71,-29.236
-951.92,-125.19,-16.833
-1096.8,408.7,-37.999
-866.7,374.21,-31.002
-1355.1,413.88,-37.302
-720.13,-197.49,-37.407
-598.39,91.063,-38.612
-865.94,-321.3,-36.971
-1092.3,-415.9,-42.348
-1167.9,-20.144,-26.134
-1075,185.1,-22.944
-805.87,133.86,-23.001
-1230.8,392.5,-37.281
-339.88,740.3,-32.639
-347.73,904.52,-27.136
-917.27,759.8,-34.994
-937.23,1179.8,-38.779
-727.8,902.49,-20.063
-821.39,899.28,-28.037
-68.287,1112.7,-41.701
-148.33,1457.6,-38.578
21.037,1302.1,-38.109
-222.93,732.3,-35.217
-133.87,546.96,-40.13
-608.62,912.16,-14.579
-397.17,1579,-41.569
-604.7,1117.1,-28.947
-887.74,811.8,-32.687
-279.88,695.78,-32.013
25.599,1175.8,-41.103
-770.23,1291,-37.916
-799.36,656.54,-34.015
-625.6,922.69,-13.23
-344.36,1190.1,-36.443
-444.35,732.09,-17.53
-945.5,1093.9,-39.576
20.589,1105.3,-42.013
-598.37,509.14,-37.586
-53.942,786.85,-41.671
-402.82,612.64,-30.01
-649.86,491.09,-39.402
-580.14,1078.2,-23.462
-378.3,1051.2,-31.088
96.62,754.07,-35.986
-762.25,1460.2,-34.059
-814.98,724.71,-33.285
-609.72,840.41,-13.485
-598.94,869.7,-14.06
-792.53,1354.4,-35.732
-441.18,1204.4,-35.008
79.426,1141,-43.553
-248.19,1021.4,-37.75
-629.8,1441,-38.446
-139.13,927.23,-41.566
-332.45,1491.1,-42.625
-514.18,475.02,-38.331
-477.31,792.7,-16.887
125.2,1047.5,-40.195
-131.87,1499.4,-37.693
-251.68,624.57,-35.547
-87.671,827.37,-41.928
-482.07,1425.6,-41.287
-793.89,635.86,-36.051
-420.86,964.73,-18.305
-650.45,496.99,-37.024
-51.05,1351.3,-42.198
-422.7,806.84,-19.395
-364.88,873.6,-28.568
-168.39,575.47,-39.801
-447.03,1142.1,-36.512
-478.53,1038.8,-23.52
-191.24,959.85,-38.581
-162.54,1527.5,-35.534
-65.371,1006.6,-37.749
23.905,723.54,-38.535
-39.367,640.34,-42.019
-355.96,1233.4,-38.813
-713.18,1442.7,-38.93
-278.41,1040.8,-35.405
-131.19,610.85,-41.284
150.03,1127.1,-43.991
-868.42,1218.2,-39.537
-177.84,1169.3,-42.166
-129.93,532.07,-40.765
-198.55,979.67,-39.366
-34.482,964.93,-43.881
-77.311,1466.5,-36.263
-707.52,876.67,-20.473
-37.48,784.62,-40.84
-634.08,544.6,-36.978
-701.61,1323.3,-38.786
-690.95,676.27,-29.626
-568.76,463.87,-37.721
-844.93,1243,-39.288
-115.17,1084.3,-41.866
-551.36,1059.8,-24.503
-354.49,1553.8,-43.413
-229.35,732.55,-37.867
-48.111,1323.1,-41.156
-411,1184.4,-34.699
-312.23,750.31,-31.658
-968.54,982.35,-36.5
-332.83,1155.5,-39.37
-441.92,1178.8,-36.142
-763.58,575,-37.955
-353,976.72,-32.958
-828.66,977.27,-27.172
-625.11,857.51,-14.414
-489.34,998.34,-25.928
11.716,893.46,-39.874
-497.86,1369.6,-41.122
-678.76,696.76,-29.423
-507.4,1398.3,-42.054
454.19,797.66,-14.824
812.55,550.29,-39.943
688.68,898.74,-28.835
80.468,479.07,-39.218
700.94,1118.1,-35.254
410.77,312.27,-39.992
781.16,882.38,-34.441
794.4,489.14,-38.234
151.56,1205.4,-41.716
749.41,1145.3,-39.061
477.45,1290.2,-42.806
676.93,1146.9,-40.545
461.83,866.97,-15.014
809.6,649.82,-36.45
720.63,1063,-32.288
215.7,1091,-37.427
192.74,896.15,-33.235
879.65,774.33,-39.985
35.044,903.11,-40.819
514.33,1227.9,-40.377
898.33,1146.4,-42.613
428.32,1009.2,-25.91
403.15,1002.7,-26.163
437.33,317.64,-39.197
1008.9,782.12,-44.981
400.24,1059.3,-33.25
271.98,443.44,-39.857
585.52,238.46,-40.603
-20.504,852.81,-41.827
248.63,1174.9,-41.622
718.34,1186.9,-38.648
845.66,1014.5,-39.612
627.58,730.8,-22.272
747.57,1018.4,-31.126
339.35,466.05,-38.545
979.22,837.32,-43.747
353.03,1071.7,-34.893
901.66,675.97,-44.52
2.2475,917.62,-37.313
471.24,1169.3,-38.778
106.76,558.98,-39.832
379.02,502.35,-36.813
867.32,751.12,-42.16
635.45,1135.3,-38.42
560.71,1181,-36.187
781.07,939.89,-36.188
541.62,1000.3,-23.072
686.23,741.75,-23.915
467.71,947.68,-23.354
-55.131,579.01,-40.06
70.995,969.46,-40.909
429.51,285.97,-39.141
796.45,427.86,-38.87
289.28,1057.1,-37.376
102.14,1032.1,-41.972
569.29,215.04,-40.735
752.36,1059.5,-36.769
470.7,972.82,-24.589
834.11,702.12,-38.497
249.01,667.25,-36.122
892.79,594.14,-40.706
268.63,709.86,-32.82
629.25,394.48,-37.589
437.31,921.12,-17.579
60.951,439.94,-37.544
581.56,779.86,-14.361
36.426,1027.3,-39.504
519.81,475.93,-36.72
282.15,854.84,-22.598
59.819,440.49,-38.248
368.96,433.39,-40.294
730.01,325.8,-39.955
577.73,661.39,-17.709
958.05,589.17,-44.004
51.188,766.71,-38.542
846.57,820.06,-39.572
679.71,1160.3,-39.412
-48.849,531.4,-41.008
901.11,1088.3,-43.564
933.25,913.76,-42.737
424.6,666.77,-22.87
465.24,587.81,-30.618
548.62,369.49,-37.525
248.97,942.11,-33.363
432.86,737.2,-15.91
782.31,911.25,-34.708
27.182,1105.5,-41.139
590.59,1052.1,-31.139
665.85,750.07,-21.825
781.77,1026.3,-38.574
337.68,624.87,-31.158
922.4,533.39,-41.847
324.2,400.84,-38.467
596.15,283.78,-40.555
165.87,1213.7,-43.734
349.66,779.95,-17.798
674.87,581.41,-30.145
737.18,1162.8,-40.292
538.07,358.46,-39.392
740.57,524.77,-35.031
1886,489.36,-41.305
2099.3,131.89,-20.87
1664.6,442.27,-45.558
1549.2,52.488,-38.926
1589.7,-63.584,-39.623
1727.8,-341.44,-42.572
1934.5,-78.723,-21.279
2024.9,287.73,-22.543
1891.7,34.064,-17.954
1696.5,-292.1,-41.106
1668.7,-393.77,-42.321
1941.2,-441.61,-43.353
2068.6,-251.33,-34.585
1340.4,-74.972,-34.513
1669,289.79,-37.86
1492.6,-310.96,-41.542
2033.8,398.83,-32.139
2082.1,-309.38,-38.393
1523.8,142.22,-37.644
1591.2,-542.59,-35.606
1448.7,38.259,-38.921
1782.7,342.55,-39.01
1450.5,77.505,-39.48
2052.3,-377.81,-40.904
1409.3,114.42,-38.098
1877.1,-229.01,-38.722
2254.9,-29.68,-35.008
1679.7,-553.52,-36.053
2074.9,-92.961,-21.455
1516.5,-113.17,-40.918
1606.3,-144.98,-39.064
2014.8,-482.84,-44.618
2112,-395.68,-40.484
1852.2,273.2,-30.95
2355.6,30.072,-40.089
1890.5,368.59,-37.507
1657.7,343.86,-40.96
2210.3,-329.82,-33.442
2192.7,-340.36,-39.134
1665.7,278.05,-39.291
1771.4,172.7,-29.586
1506.8,19.851,-41.406
1767.2,-272.96,-40.889
2057.3,381.15,-31.118
1385.2,215.17,-35.035
1836.2,-32.864,-23.371
2161.7,-391.61,-41.802
1837.8,-518.53,-40.229
1244,80.676,-22.201
2209.1,-8.5774,-31.951
2027,-187.1,-30.175
2068.3,-68.109,-17.696
1643.3,-538.93,-38.248
2246.2,-90.7,-36.368
1572.4,-234.23,-42.723
2299.3,-260.81,-41.113
1487.4,155.19,-39.072
1911,165.71,-15.664
1529.8,-210.23,-40.982
1835.3,-78.806,-27.882
2302.3,107.39,-35.925
2356.7,21.279,-40.042
1347.5,-241.08,-38.803
1737.2,-117.63,-34.359
1835.1,-491.28,-39.723
1345.1,-103.13,-36.24
2099.2,-310.96,-37.698
2105.8,-346.86,-38.099
1437.9,355.54,-38.727
2084.3,476.34,-37.208
1921.1,115.3,-17.593
2125.3,-317.37,-39.257
1674.5,-29,-38.36
1754,-197.79,-38.565
1490.4,250.54,-39.566
2100.4,211.53,-18.294
1720.9,156.31,-32.567
1509.8,430.32,-42.919
2261,-376.42,-42.25
2229.6,-224.34,-37.154
1562,-328.97,-43.385
1644.9,356.91,-41.15
2045.1,-91.132,-17.787
2079.3,163.13,-20.679
2099.8,28.069,-18.401
1708.5,191.36,-33.615
1636.4,167.66,-35.282
1741.4,-559.58,-37.014
1801,353.85,-39.324
2257.7,-122.55,-37.241
1960.4,-61.759,-20.827
2088.3,97.961,-18.466
1928.8,322.04,-30.478
1887.6,129.29,-18.317
1659.2,86.933,-36.637
1804.6,-138.46,-31.849
1675.3,-78.168,-36.793
1418.2,-171.12,-39.642
1826.2,440.3,-43.453
1980,-272.28,-35.594
1827.1,-477.34,-39.56
1412.5,-974.28,-24.966
1553.6,-414.99,-39.513
1680.9,-542.62,-34.604
1787.6,-1137.5,-36.571
1557.1,-944.46,-13.531
1365.8,-828.03,-22.892
1757.3,-647.81,-33.942
1815.8,-438.79,-42.065
1448.3,-375.49,-41.151
1677.3,-443.02,-40.964
1473,-753.32,-23.427
1676.3,-1144.3,-32.938
1621,-567.23,-36.111
1180.8,-1060.6,-39.879
1133.1,-618.48,-41.217
1597.5,-756.52,-20.938
1804.5,-1162.6,-37.232
1467.1,-923.13,-19.938
1644.3,-1230.8,-37.643
1187.6,-694.43,-37.587
1020.3,-777.74,-39.731
1274.3,-1190.9,-41.712
1871.9,-432,-39.638
1448.5,-487.06,-38.277
1161,-905.76,-38.073
2107.7,-941.72,-47.238
1103.2,-1055.2,-38.594
1757.1,-374.02,-41.95
2067.8,-763.51,-45.806
1298.7,-573.71,-40.788
1131.1,-855.41,-39.301
1228.8,-803.86,-34.791
1725.3,-814.24,-24.339
1143.7,-548.82,-42.719
1049.1,-946.15,-40.913
1544.9,-804.33,-16.411
1609.3,-1415.4,-44.599
1163.2,-1222.5,-40.143
1619.6,-1401.2,-43.131
1385.4,-602.46,-39.886
1272.6,-708.41,-36.87
1807.8,-326.44,-39.955
1849.3,-636.95,-37.836
1611.1,-1054.9,-25.466
1712.7,-673.73,-29.364
1164.7,-1075,-39.44
1553.6,-989.69,-18.837
2075,-856.99,-46.979
1808.6,-574.83,-37.223
1164.8,-1090.7,-38.782
1603.7,-300.02,-41.862
1559.7,-868.66,-12.645
1792.2,-1067.8,-33.584
1963.8,-1090.8,-43.249
1642.1,-562.58,-36.663
1983.6,-1053.4,-43.68
1407.7,-951.83,-20.694
1250.6,-1209.6,-39.436
1199.3,-807.48,-33.552
1773.3,-1257.5,-40.84
1239.2,-1010.7,-36.192
1536.6,-533.7,-38.385
1280.3,-783.28,-33.398
1970.6,-653.69,-42.185
1328.7,-1251.7,-41.482
1517.3,-304.08,-41.974
1064.7,-1090.8,-40.422
1889.2,-1066.5,-35.982
1635.5,-332.53,-43.393
1893.6,-646.73,-38.825
1633.9,-813.27,-13.344
1983.9,-622.62,-44.476
1911.7,-503,-40.751
1271.9,-512.73,-42.995
1739.7,-666.31,-32.226
1627.3,-369.93,-43.237
1230.6,-1075.7,-40.27
1707.2,-843.96,-20.167
1581,-1012.8,-22.46
1361.9,-1164.4,-38.932
1526.1,-1402.7,-44.715
1415.5,-569.15,-37.992
1748.4,-1065.1,-32.053
1576,-1023.6,-22.233
2070.3,-675.78,-47.743
1360.4,-891.04,-22.371
1861,-1194.1,-41.42
1774.1,-1386,-44.609
1460.3,-636.4,-36.358
1248.2,-1071,-37.512
1230,-450.1,-42.899
1874,-375.63,-40.156
1463.7,-639.84,-31.995
1737.5,-836.86,-26.625
1580.6,-378.17,-42.497
998.36,-889.96,-39.731
1126.2,-1139.4,-39.625
1467.7,-475.59,-43.178
1681.9,-792.15,-18.45
926.99,-1945.8,-23.404
987.46,-1858.4,-25.112
997.33,-1466.6,-22.244
550.23,-1705.8,-37.686
1218.7,-1408.4,-38.067
617.63,-1960.2,-38.994
1101.4,-2226.3,-42.969
890.74,-1853.8,-18.034
993.77,-1632.8,-16.511
1513.4,-1733.3,-47.725
1279.7,-1944.8,-43.116
981.26,-1770.7,-20.447
650.31,-1399.7,-36.189
1185.9,-1587.3,-35.315
1293.8,-2002.5,-42.06
1432.6,-1773.4,-47.723
496.92,-1711.8,-39.158
596.38,-2092.8,-43.2
1113.5,-1720.1,-33.613
855.07,-1541.2,-16.669
793.09,-2310.1,-46.593
990.25,-2203.4,-43.756
667.85,-1732.4,-31.67
506.46,-1862,-39.672
627.64,-1581.7,-35.039
669.63,-1907,-34.145
1310.1,-2223.8,-45.025
841.28,-1580.2,-15.276
808.4,-2157.2,-47.521
557.24,-1720,-39.062
1270.1,-2087.9,-46.875
1145.2,-1501.8,-30.917
1038.7,-1297.1,-34.815
1295.6,-1677.3,-41.568
1185.5,-2103.9,-39.233
631.64,-2024.7,-46.559
933.14,-1471.8,-17.785
1484.7,-1755.5,-46.642
773.8,-2165.2,-47.862
835.77,-1757.6,-29.556
1024.9,-1784.8,-15.357
506.61,-1527.5,-39.526
1274.3,-2218,-45.667
1248,-1476.3,-43.116
1026,-1352.3,-33.721
1143.2,-1687.3,-28.202
1242,-1634,-41.348
671.89,-1711.4,-32.632
1382.8,-1669.7,-46.458
688.07,-2257.3,-47.908
1225.8,-1963.4,-40.524
769.28,-1693.3,-27.256
657.85,-1995.1,-40.792
1245.4,-1934,-43.2
1341.1,-1855.2,-42.496
930.01,-1686.3,-15.559
619.02,-1471.1,-36.928
1263.9,-1837.5,-37.448
787.06,-1808,-20.61
989.25,-2299.5,-44.093
945.38,-2333.7,-47.338
1304.4,-2224,-47.785
1209.8,-1570.5,-36.106
1122.6,-1596.2,-27.245
1226,-2267.2,-47.558
1429,-1579.2,-47.319
1368.9,-1650.5,-39.891
1383.4,-2046.7,-44.214
1484.3,-1986.4,-48.967
1421.5,-2148.8,-47.819
1047.8,-1539.8,-27.071
1429.1,-1883,-46.094
1535.4,-1940,-50.177
1176.4,-2149,-41.121
1381.3,-1604.5,-44.48
1131,-1302.6,-36.671
863.24,-1744.3,-18.19
718.3,-2138.8,-44.471
646.17,-1417.2,-37.706
976.3,-2054.4,-36.125
601.98,-2151.3,-44.484
1406.7,-2029.9,-41.433
771.36,-1323.8,-38.023
861.19,-1537.1,-22.673
858.95,-2035.6,-35.644
1216.6,-1310,-40.237
784.57,-1709.4,-27.986
630.07,-1764.6,-35.786
1245.9,-1607.3,-39.15
1142.2,-1992.7,-37.392
1102.3,-1895.3,-33.933
1316.2,-1824.1,-41.821
1319.7,-1484.5,-44.793
1286.8,-2075.1,-44.488
574.64,-1614.8,-37.458
934.43,-1917.7,-21.044
574.44,-1638.1,-34.864
914.92,-2299.5,-46.312
874.82,-1750.1,-18.338
1171,-1780.5,-29.384
406.89,-1614.3,-38.68
176.22,-2368.3,-45.33
-237.95,-2171.8,-45.264
529.07,-1792.8,-38.068
281.73,-1828.3,-32.682
51.618,-1278.2,-42.314
-278.6,-2141.5,-42.789
-240.94,-1810.5,-30.377
30.474,-2373.7,-46.746
386.43,-2054.8,-41.23
-39.16,-2127.7,-36.069
-412.67,-1853.3,-40.27
-383.59,-1596.3,-39.094
392.42,-2005.9,-40.541
-219.27,-1757.5,-28.138
386.94,-2111.2,-41.956
0.93004,-2279.8,-43.069
-272.91,-1816.2,-32.389
-122.5,-1455.4,-37.881
398.84,-1846.6,-36.37
-109.25,-2034.1,-31.918
174.95,-1542.5,-28.858
508.44,-2018.8,-43.631
-370.98,-1975,-40.193
-196.91,-2094.4,-40.112
293.81,-1574.9,-33.262
157.77,-2272.4,-43.766
329.82,-1758.5,-35.826
-416.57,-1540.8,-43.684
-322.14,-2189.2,-47.291
153.15,-1416.7,-36.295
-449.62,-1615.6,-42.913
375.14,-1345.4,-41.12
-61.996,-1437.1,-36.275
-221.56,-1719.6,-31.746
135.5,-1976.4,-25.013
44.462,-1822.9,-14.68
-147.17,-1492.3,-38.861
-118.12,-2329.5,-48.204
294.7,-1576.8,-34.409
-101.12,-1577.4,-36.023
-57.017,-1978.3,-18.835
471.94,-2075.5,-42.823
-97.695,-1535.1,-38.613
-318.01,-2223.5,-45.182
195.22,-1300.1,-41.539
-376.52,-1692.8,-39.651
188.26,-2255.3,-42.415
-73.184,-1917.9,-13.139
170.38,-1741.7,-24.817
-341.17,-1453.2,-43.262
444.11,-1406.9,-40.842
419.2,-2016.2,-39.271
-255.93,-1509.6,-42.626
-222.88,-1529.5,-37.153
518.77,-2026.9,-41.071
144.79,-2247.3,-40.677
371.12,-2190.3,-43.48
75.191,-1562.8,-27.26
612.56,-1778.8,-34.738
232.8,-1594.8,-28.963
-0.40612,-2260.8,-42.593
373.76,-2101.8,-39.549
136.21,-1424.2,-35.391
-182.17,-2027.8,-34.079
-497.39,-1889.9,-42.068
90.83,-1350.9,-38.9
271.04,-1937.6,-34.574
285.49,-1587.4,-32.816
126.93,-2225.1,-39.478
238,-2271.1,-44.224
110.68,-1378.6,-39.351
49.083,-1642.1,-21.567
32.033,-1402.5,-37.523
2.3412,-1521.7,-32.089
-232.9,-1588.6,-37.773
-127.8,-1818.9,-24.03
414.24,-1713.5,-39.513
-123.56,-2044.1,-29.354
250.1,-2042.2,-33.169
-210.43,-2028,-37.074
103.07,-1287.1,-40.726
296.05,-1775.5,-33.403
304.64,-1807.2,-34.847
-407.29,-1650.8,-40.968
-66.876,-2070.5,-30.658
-470.41,-1741.1,-41.611
324.56,-2249.1,-43.791
255.7,-1817.3,-28.074
32.468,-1510.4,-29.134
-263.92,-1486.9,-38.943
-7.3628,-2351.6,-38.453
203.1,-2307.4,-43.862
52.08,-1440.4,-31.243
261.45,-1762.7,-27.207
-141.32,-2228.1,-45.212
-477.32,-1785.4,-42.079
-342.11,-1796.7,-37.832
444.15,-1647.3,-38.655
-100.75,-2192.7,-39.314
-1154.8,-1767.5,-20.662
-1016.4,-2243.8,-45.169
-1017.9,-1802.9,-11.437
-1144.7,-1657.7,-4.7661
-593.07,-1835.5,-40.64
-604.66,-1688.5,-39.498
-951.18,-1905.3,-28.415
-1024.5,-1466.2,-26.183
-915.96,-2279.5,-47.931
-864.94,-1485.1,-20.823
-1039.8,-1485.4,-23.934
-876.27,-1844.2,-26.026
-851.89,-1778,-26.457
-1174.6,-1437.8,-33.775
-846.44,-2216.7,-44.605
-779.26,-1477.2,-30.48
-450.81,-2122.2,-43.678
-494.57,-1675.3,-41.083
-465.06,-1801.5,-40.507
-1041.4,-2289.4,-50.094
-966.17,-2245.2,-46.502
-662.51,-1465.5,-37.515
-673.09,-2113.6,-44.38
-952.67,-2182.6,-43.175
-1058.6,-1226.6,-41.494
-752.6,-2210.3,-46.827
-959.25,-1357.4,-33.492
-960.69,-1936,-35.328
-980.6,-1770.2,-22.916
-909.69,-2055.7,-41.278
-1127.9,-2248.4,-48.372
-1285.3,-1841.2,-36.867
-643.03,-2133.8,-42.566
-343.5,-1809.5,-36.787
-406.48,-1621.2,-41.422
-840.19,-2263,-46.35
-1352.1,-1505.9,-36.547
-683.06,-1532.2,-37.608
-1289.6,-1436.5,-37.41
-672.73,-2204.2,-46.828
-651.79,-2154.4,-45.118
-978.39,-1600.9,-13.007
-802.31,-1705.6,-27.142
-828.2,-1302.6,-36.954
-338.66,-1545.3,-43.463
-462.27,-2048.3,-42.183
-567.67,-1996.8,-43.008
-981.29,-1282,-40.448
-561.2,-1764.8,-41.306
-979.17,-1792.7,-4.7015
-557.82,-1845.1,-42.336
-737.23,-2092.3,-42.62
-734.93,-1211.5,-39.439
-1166.3,-2092.8,-41.662
-718.46,-2117,-44.628
-1041.6,-1334.1,-37.367
-415.13,-1616.3,-41.069
-855.88,-1993.6,-41.323
-1096.9,-2284.5,-48.723
-723.53,-2237.5,-44.519
-400.13,-1891.7,-38.265
-1388.9,-1685,-35.996
-509.49,-1398.5,-41.182
-1044,-1851.1,-25.187
-669.99,-1710.2,-37.469
-578.53,-1258.6,-41.126
-1363.2,-1486.6,-41.282
-1190.6,-1437.4,-33.434
-814.16,-1783.8,-27.468
-845.57,-1264.3,-37.615
-1277.2,-1640.9,-24.876
-1155.3,-1472.1,-32.807
-825.42,-1553.8,-23.352
-1127.9,-2239.9,-47.005
-582.63,-1483.3,-40.831
-958.82,-1890.8,-25.243
-753.21,-1585.2,-33.324
-585.21,-1895.6,-39.173
-542.08,-2012.8,-41.76
-1335.6,-1464,-35.838
-1181,-2061.9,-45.627
-756.6,-1809.8,-33.913
-1163.7,-1865.9,-32.602
-1043,-2116.4,-41.554
-1081.9,-1251.1,-38.701
-760.31,-1263.4,-39.502
-1303.2,-1697.6,-27.197
-939.35,-1283,-37.161
-950.27,-2313.5,-46.759
-1285.4,-2082,-49.521
-1108.1,-1603.8,-18.011
-470.32,-1948.8,-40.806
-1253.4,-1395.5,-37.847
-673.41,-1994.8,-42.063
-1050.5,-1526.3,-20.278
-712.26,-1208.8,-41.388
-739.62,-1933.8,-37.397
-499.98,-1712.6,-41.934
-1313.5,-1590.1,-32.058
-491.56,-2097.6,-43.576
-1305.7,-1379.4,-39.834
-1409,-1382.9,-41.289
-1431.4,-791.22,-12.323
-1555.6,-1226.6,-38
-1418.8,-1119.9,-34.789
-987.11,-876.92,-40.751
-1530.8,-671.83,-29.747
-1150.5,-1344.4,-39.245
-1776.5,-708.5,-35.787
-1623.5,-1317.5,-41.867
-1267.7,-911.21,-32.051
-953.18,-666.75,-42.748
-1117.7,-1416.2,-33.287
-1104.1,-832.55,-40.568
-1201.7,-1487.3,-31.555
-1217.3,-610.64,-34.458
-1237.9,-488.95,-41.33
-1010.5,-1006.3,-40.417
-1008.5,-773.35,-38.72
-1669.3,-1469.6,-44.856
-1595.8,-1469.8,-43.477
-1879.4,-694.58,-38.948
-1201.4,-807.42,-37.766
-1820.3,-1029.8,-29.295
-1185.2,-1070,-39.203
-1268.9,-1087.6,-37.87
-1402.8,-916.68,-18.739
-1239,-955.46,-33.118
-1401,-1240.4,-40
-1834.7,-947.67,-27.151
-984.31,-1221,-40.184
-1313.5,-832.68,-19.857
-1617.9,-1144.6,-31.637
-1789.4,-1296.5,-45.955
-1249.5,-1272.3,-39.92
-1822.6,-994.45,-28.356
-862.83,-1077.5,-40.425
-1596.9,-1038.5,-20.91
-1360,-952.44,-28.744
-1543.7,-1163,-32.77
-1206.1,-638.95,-35.99
-1266.3,-672.94,-30.121
-1651.6,-1167.4,-34.504
-1740.3,-1050.3,-30.65
-1857.2,-665.91,-38.45
-1130.7,-1198.6,-42.977
-1510.3,-1151.3,-34.649
-1669.3,-940.18,-14.983
-1420.2,-887.41,-22.592
-1253.2,-1128.7,-36.836
-1555.5,-691.09,-27.413
-1622.4,-1250.3,-41.266
-1455.3,-804.9,-6.3264
-1732.1,-818.74,-23.669
-1346.8,-919.59,-25.001
-1717.3,-1144,-34.681
-1819.3,-1299.5,-48.41
-1393.9,-1264.6,-38.61
-1104.6,-1024.7,-40.214
-1763.7,-1065.4,-36.4
-1430.1,-642.64,-29.792
-1525.8,-1554.6,-42.856
-1641.4,-1039.6,-21.523
-1059.8,-644.63,-40.914
-1387,-917.28,-23.266
-1084.6,-1296.3,-38.465
-1773.7,-828.52,-24.056
-1143,-1428.7,-32.934
-1557.4,-1266.9,-40.002
-1100.8,-592.01,-40.146
-1536.6,-550.6,-40.174
-1133,-548.97,-38.571
-1944.1,-886.89,-33.914
-1050.8,-855.37,-41.706
-1258.4,-601.73,-34.063
-1175.7,-1334.3,-39.728
-974.4,-971.66,-40.596
-1673.5,-695.37,-30.134
-1447.3,-1421.8,-40.606
-1620.4,-498.18,-39.731
-1660.1,-1057.8,-23.708
-1966.9,-1000.1,-38.892
-1477.1,-1345.8,-44.388
-1599.9,-1316.3,-40.118
-1846.7,-1293,-45.182
-1257.2,-498.38,-34.071
-1754.5,-1065.9,-31.711
-1334.6,-1587,-32.514
-1556.9,-513.19,-38.524
-1783.3,-873.89,-20.427
-1685.9,-883.23,-16.708
-1040.2,-1141.3,-41.555
-1205.8,-1270.2,-41.711
-966.87,-1084.2,-41.799
-1309.6,-1314.4,-41.746
-1720.5,-1112.2,-32.845
-1520.7,-1010.7,-25.247
-1440.5,-761.54,-16.249
-1799.6,-626.98,-40.278
-1899.3,-1297.1,-48.925
-1852,491.99,-39.971
-2328.9,239.01,-43.81
-1358.3,-70.224,-38.479
-1331.8,18.247,-36.888
-2118.1,568.06,-43.558
-1784.3,408.9,-37.87
-1910.5,123.31,-20.37
-2345.1,-210.7,-34.901
-1950.5,246.99,-21.353
-1425,126.72,-41.079
-1948.6,452,-39.706
-2399.1,1.7689,-35.069
-2043.6,347.52,-37.096
-2016.3,-105.2,-14.992
-2384.1,12.652,-34.559
-1691.3,-370.06,-42.311
-1906.8,396.13,-37.601
-2129,181.01,-28.82
-1638.2,399.69,-38.233
-1573.2,363.4,-39.629
-1893.5,428.53,-37.649
-1795.2,-367.96,-37.001
-2032.2,414.41,-37.992
-2141.6,-278.35,-32.101
-2317.5,248.47,-41.533
-1891.3,596.93,-40.756
-1379.7,243.34,-39.358
-2163.6,-109.79,-18.407
-1598.3,201.12,-40.197
-2251.4,-120.21,-23.668
-1541.4,249.88,-43.09
-2072.1,370.43,-43.243
-2164.1,-324.5,-36.53
-2359.2,-64.933,-30.661
-1823.7,571.67,-38.339
-1922.2,505.44,-41.269
-1749,92.767,-35.473
-1730.5,392.95,-39.159
-2323,372.46,-47.031
-1346.3,-4.6845,-36.133
-2144.4,119.49,-26.635
-2215.7,-141.41,-20.652
-1615.2,120.01,-43.824
-1739.6,36.934,-32.459
-2265.6,225.07,-37.127
-2120,-230.4,-28.15
-1861.9,96.093,-19.281
-1609,-238.73,-41.989
-1745.2,-242.84,-37.018
-1942.8,193,-18.439
-1463.7,307.85,-39.368
-2011,72.74,-20.517
-2101.7,-326.2,-35.624
-1990.3,223.63,-30.935
-2197.3,15.516,-22.26
-1773.5,71.016,-29.854
-2263.3,-68.191,-18.282
-2271.9,-75.172,-20.146
-1879.6,-302.13,-29.509
-2033.7,-97.138,-13.572
-1561.2,110.25,-41.826
-1982.2,-435.45,-37.938
-1980.8,525.49,-42.244
-2046.2,141.82,-20.829
-1353.2,34.915,-40.748
-1784,203.19,-30.371
-2318.5,255.57,-41.91
-1721.7,234.05,-36.449
-2167.9,376.21,-43.772
-1718.1,635.56,-31.46
-1763.1,-96.907,-33.022
-1523.4,2.1194,-41.046
-1991.2,-296.43,-32.957
-1490.8,32.752,-42.394
-1422,144.66,-40.596
-1918,39.49,-11.872
-1585.6,-98.325,-42.313
-1645.6,-11.125,-38.293
-1536.7,-30.744,-41.961
-2004.8,639.75,-41.03
-1783.2,468.14,-39.6
-1410.2,21.388,-39.207
-1730.7,197.22,-34.113
-1799.6,-288.25,-34.338
-2382.8,-154.95,-35.43
-2166,321.51,-38.655
-1652.6,366.85,-41.238
-1712.8,-402.62,-40.111
-1513.2,-254.36,-41.92
-2020.7,626.47,-44.462
-2285.6,480.98,-46.897
-1613.3,-64.429,-41.58
-2069.5,591.37,-45.023
-2157.8,144.05,-29.436
-1792.6,601.63,-37.826
-1687.2,436.79,-38.102
-1792,305.04,-32.307
-1619.4,278.63,-39.944
-1798.4,637.9,-35.274
-1841.9,-413.2,-38.482
-1401.1,622.65,-21.969
-1567.1,709.75,-18.158
-1637.2,1146.4,-37.581
-1383.3,1042.5,-22.274
-1936.8,1051.9,-43.84
-1050.7,987.19,-39.618
-1776.7,697.85,-32.41
-1808.4,444.65,-38.969
-1826.2,431.49,-37.208
-1111.1,778.86,-38.441
-1465.4,1128.5,-33.646
-1914,466.55,-39.276
-1187.7,884.63,-35.364
-1374.4,1036.3,-19.909
-2039.8,882.75,-42.427
-1487.1,1247.2,-40.428
-1039.6,823.01,-39.682
-1887.3,930.58,-35.73
-1295.7,1236.5,-38.004
-1997.5,1097.9,-45.846
-1219,845.35,-34.162
-2049.7,956.86,-42.229
-1678.6,695.51,-27.241
-1915.7,1082,-43.573
-1258.9,1023.1,-28.51
-1453.5,1137.6,-37.578
-2078.4,720.66,-44.462
-1292.5,1218.6,-38.46
-1713.4,1151.1,-41.35
-1628.6,394.14,-39.944
-1482.4,374.76,-38.546
-1427.7,1392.5,-42.315
-1195.7,663.88,-37.014
-1487.8,924.53,-15.235
-1636.3,1301.4,-46.192
-1818.4,747.89,-33.246
-1462.8,809,-16.018
-1348.9,557.13,-30.755
-1629.5,1220.2,-44.544
-1285.3,850.35,-25.556
-1716.2,758.68,-23.338
-1865.2,893.1,-35.281
-1183.1,723.03,-38.599
-1575.6,632.33,-18.216
-1387.2,570.77,-27.111
-1215.1,1163.4,-36.566
-1887.4,1029.3,-39.527
-1844.1,1161.3,-45.671
-1248.6,860.84,-28.188
-1816.8,1100.5,-40.856
-1356.7,398.89,-37.345
-2078.4,1006,-46.634
-1325.9,1097.2,-30.14
-1700.3,1250.9,-43.914
-1849.8,764.3,-34.946
-1737.8,674.44,-34.169
-1783,1089.1,-40.182
-1908.5,1012.2,-40.556
-1477.8,681.27,-21.109
-2031.8,738.26,-43.144
-1681,462.05,-40.415
-1646.4,1150.9,-37.157
-1167.8,740.55,-35.625
-2146.7,860.93,-47.527
-1066.8,1056.2,-40.434
-1279.9,1349.8,-39.594
-1224.7,664.62,-36.009
-2122.5,680.21,-44.695
-1102.7,717.97,-38.62
-1850.5,1256.9,-45.385
-1541.6,981.31,-20.387
-1554.2,511.81,-31.972
-1526.4,1183.1,-38.205
-1555.6,829.02,-17.518
-1932.1,1053.8,-41.911
-1681.1,703.97,-28.816
-1046.1,1055.8,-39.732
-1863.5,1426.2,-48.356
-1954.6,527.48,-41.431
-1245.2,607.66,-35.234
-1598.5,816.88,-17.663
-2058,829.26,-43.209
-1704.5,771.55,-21.038
-1856.7,559.73,-39.935
-1565.1,913.76,-19.106
-1469.6,1041,-25.086
-1063.1,1005.3,-39.497
-1820.4,753.05,-34.023
-1307,1157.3,-34.275
-1633.7,1346.9,-43.967
-1393.9,396.05,-37.801
-1733.9,407.33,-39.897
-1500.5,874.96,-17.126
-1409.6,531.94,-27.419
-1245.9,589.24,-37.182
-1560.8,1378.2,-42.857
-1632.3,416.62,-39.54
-1685.3,1272.5,-45.472
-1221.2,509.42,-39.883
-1075.4,866.89,-38.613
-830.94,1938.2,-34.068
-508.96,1662.8,-41.422
-1199.6,1371.9,-37.637
-1184.9,1937.6,-36.995
-1144.3,1545.6,-30.104
-1178.6,2013,-38.688
-632.01,1611.3,-40.374
-748.03,1942.1,-34.539
-446.59,1452,-42.443
-669.67,1642.8,-37.3
-967.02,2273.2,-41.856
-683.88,1980.3,-39.254
-1000,1662.9,-14.306
-1160.2,2096.3,-44.235
-556.83,1853.3,-39.609
-638.98,1903.8,-40.744
-990.11,1805.8,-15.311
-937.94,1604.7,-15.713
-822.28,1579.5,-28.752
-1233.8,1902.5,-39.531
-1401.8,1873.7,-39.893
-674.81,1482.7,-40.967
-419.68,2104.3,-43.471
-1418.5,1672.1,-37.529
-1122.8,1853.2,-29.829
-727.02,1994.2,-39.715
-1038.8,2105.4,-42.566
-676.51,1476,-38.957
-838.17,1408.1,-30.014
-1067.3,1854,-21.373
-1353.6,1837.5,-36.004
-1266.4,1605.1,-30.714
-1207.6,2106.6,-45.115
-1047.8,2138.9,-42.739
-477.32,2043.6,-42.61
-350.98,1624.4,-38.679
-1178,1601.7,-25.978
-453.27,1833.3,-38.274
-827.23,1702.2,-28.858
-1195.6,1860,-33.274
-782.4,2205.2,-44.989
-1292.6,1659.6,-32.203
-528.02,1806.4,-40.296
-438.66,1520.1,-42.8
-806.52,1437,-31.824
-638.14,1606.4,-41.3
-492.58,1813.1,-39.755
-825.36,1413.8,-30.613
-763.13,1892.9,-34.38
-690.49,1582.1,-38.858
-651.06,1295.8,-37.652
-660.02,2057.9,-44.001
-780.15,1979.4,-33.859
-768.81,1756,-32.393
-750.19,2124.7,-44.585
-1109.8,2059.7,-40.456
-361.1,1916.2,-34.144
-756.7,1711.6,-33.923
-1008,2287.6,-47.135
-795.4,1640.3,-29.858
-740.73,2248.5,-47.506
-1030.3,1998.5,-36.92
-861.47,1963.2,-36.389
-1151.9,1549.4,-27.607
-782.88,2158.2,-43.01
-979.03,1721.3,-4.4762
-1112.9,2202.3,-41.817
-1265.5,1922.3,-39.437
-602.16,1524.4,-44.802
-1042.7,1723.8,-11.238
-539.43,1345.9,-39.979
-1432.1,1825.3,-39.766
-785.32,1409.3,-34.08
-727.47,1731.3,-40.074
-958.56,2283.4,-47.128
-662.49,2096.8,-43.773
-1254.6,1598.1,-31.679
-1058,1282,-37.33
-1133.5,1565.8,-23.29
-589.52,2197.2,-47.528
-749.34,1295.4,-37.218
-768.39,1605.8,-29.152
-1180.2,1868.3,-30.814
-1125.1,1534.4,-26.191
-944.49,1539.2,-17.123
-1260.3,1992.7,-42.216
-386.48,1988.5,-38.8
-1414.3,1857.3,-39.761
-1039,2118.1,-37.113
-475.44,1605.9,-42.666
-885.96,1946,-28.302
-404.49,1967.9,-39.33
-1314.1,1503.9,-35.988
-1077.3,1596.6,-18.262
-421.4,1968,-39.697
-354.35,1820.4,-32.803
-1423.6,1772.5,-39.554
-329.4,1701.4,-34.322
-633.17,2138.4,-44.947
-992.08,2294.6,-44.343
-160.31,1251.7,-41.163
-245.06,2152.4,-42.836
-428.95,1785.2,-37.892
-29.986,1344,-40.919
-263.77,1941.8,-32.111
-24.629,1864,-17.894
-337.71,1730.7,-35.542
147.28,1371.7,-40.996
34.764,2087.5,-34.004
-203.63,1932.2,-27.533
27.694,2201.9,-44.917
208.5,1400.4,-38.947
-374.3,1988.9,-40.415
107.82,2298,-44.395
-464.04,1974.9,-41.526
33.951,1561.6,-28.14
-15.959,1584.4,-24.013
54.395,1505.4,-34.073
-99.874,1378.8,-41.425
48.912,1577.2,-29.253
97.748,1616.6,-22.432
218.91,2044.3,-36.523
-538.46,1863.7,-41.959
371.23,1438.3,-37.653
20.808,2077.6,-34.369
388.93,1614.1,-37.07
269.84,1337.4,-42.177
304.13,1809.3,-26.297
-165.66,1991.1,-29.527
416.45,2096.4,-40.97
519.48,1964.1,-41.396
479.22,1559.3,-40.834
496.73,1715.2,-41.037
493.72,1771.9,-39.001
142.99,2264.8,-44.189
52.366,1668.1,-14.825
399.78,1360.9,-41.075
-233.89,2000.3,-37.822
254.6,1598.3,-27.764
222.73,1851.4,-20.479
-539.46,1622.6,-42.714
-209.12,1499.5,-40.983
34.281,1303.9,-42.321
-119.32,1629.3,-24.932
422.69,1489.3,-39.465
499.85,1479.5,-38.825
-393.7,1435.8,-43.807
-5.7787,1329.6,-41.224
-457.88,1622.5,-42.136
-66.269,2268.3,-43.488
-145.68,1753.8,-18.365
116.87,1427.6,-35.958
254.6,1819.3,-18.388
-49.305,1219.7,-42.311
-460.43,1961.8,-39.353
521.06,2040.3,-41.885
118.06,1294.4,-42.432
-249.61,2102.9,-40.26
-397.86,2169.3,-44.882
-154.15,1517.9,-38.735
-52.189,1342.4,-40.263
31.435,2105.8,-37.29
-475.54,2066.2,-44.795
520.64,1515.7,-40.856
-21.628,1516.4,-33.969
-34.667,1491.3,-34.852
-63.797,2179.6,-41.053
-200.12,1533.6,-39.457
-102.9,1445.2,-40.577
26.409,1983.7,-29.436
201.75,2040.7,-37.098
432.37,2144.8,-43.849
402.14,1865.5,-36.687
-352.2,1826.6,-33.097
-188.21,1823.4,-16.468
-64.632,1537,-30.693
-148.26,1237.7,-41.527
-179.61,1747,-23.931
359.14,1597.5,-33.221
424.32,1996.6,-39.526
-295.66,1360.5,-42.501
459.16,1437.1,-41.819
-159.19,2154.2,-41.078
20.367,1838.2,-17.375
330.99,1525.3,-36.107
91.728,1873.2,-27.132
109.77,1491.6,-37.347
542.05,1722.1,-42.492
-15.097,1381.7,-37.792
8.1288,2029.4,-31.536
-450.61,1457.3,-41.311
-219.45,1981.1,-31.494
444.44,1429.3,-41.592
-431.37,2040.9,-41.18
-224.2,2099.2,-39.149
-549.64,1883.3,-40.196
-82.321,2107.5,-36.798
419.5,1568.6,-37.498
202.03,1630,-22.47
-342.29,1405.5,-43.379
832.8,2384.4,-50.224
858.26,2304.6,-46.741
1482.2,1800.7,-42.563
603.62,1903.1,-40.806
1109.8,2210.3,-41.728
911.21,2331.3,-46.502
1078,2323.2,-47.743
1358,2127.6,-41.147
678.13,1659.5,-35.664
1359.1,1992.9,-36.553
1506.2,1865.6,-48.462
815.66,1455.4,-40.124
896.03,1552.9,-29.608
607.77,2156.6,-46.875
1058.9,1526.8,-31.198
823.12,1999.5,-39.881
1074,2345.1,-47.145
775.25,1716.2,-30.011
758.98,1829.9,-32.089
472.43,1770,-40.424
432.07,1872.5,-39.974
757.38,2336.4,-50.127
632.92,2071,-44.265
875.78,1956.4,-33.475
1012.9,1520.7,-29.89
486.56,1682.6,-40.924
762.62,2124.7,-50.472
821.15,1994.7,-38.761
573.71,1542.5,-40.955
720.82,1595.7,-37.117
969.65,1988.9,-31.814
572.96,1891.3,-40.166
886.73,1695.9,-15.482
721.16,1713,-32.285
957.91,2108.8,-35.631
1441.3,1808.4,-42.32
1241.6,1788.5,-23.856
612.7,1980.9,-41.604
743.43,1402.4,-41.642
640.6,2133.7,-45.182
907.64,2453.8,-50.472
993.09,2341.3,-46.528
1005.3,2342.4,-46.703
784.98,1383.9,-42.718
662.84,2072,-44.336
905.96,2344.5,-50.446
589.72,2244.1,-47.027
1100.6,1939.9,-26.115
1306.3,1589,-35.247
852.21,2075.9,-41.224
1046.7,1589.3,-24.174
1313.8,1549.9,-35.185
663.52,1712.7,-35.006
1180.3,2084.5,-38.929
1126.4,2259.2,-44.213
922.11,1507.9,-31.841
393.03,2013.2,-41.206
1397.8,2062.5,-40.048
538.91,1598.9,-39.013
899.36,1875.6,-23.768
1361.2,2205,-42.322
683.49,1590.8,-38.433
521.49,1676.2,-37.713
580.97,1753,-39.051
655.11,2345.5,-48.688
768.98,1768.5,-26.848
1111.5,2252.7,-43.634
1336,1562.9,-36.512
1173.5,1358.4,-39.377
1499.3,2054.7,-44.253
437.63,1875.6,-38.802
430.81,2123.4,-44.856
970.53,1486,-35.22
773.4,1593,-32.686
949.34,2153.9,-43.457
722.27,2147.5,-49.194
1521.4,1958.9,-45.533
1171,1505.1,-31.739
804.63,1559.5,-32.752
1035.6,1921.2,-20.058
882.04,2350.1,-47.853
1143.1,2227.4,-41.812
1044.7,1985.7,-28.029
1028.7,2443,-47.422
1232.7,1991.9,-32.034
1340.3,1708.4,-35.339
1273.2,2015.3,-35.994
435.76,1795.2,-40.537
1104,1688.5,-21.459
1034.2,2055.3,-33.517
600.34,2130.7,-43.999
586.72,1988.3,-42.784
646.34,1815.9,-37.349
1219.7,1916.6,-25.238
884.26,1750.1,-17.77
954.79,2453.3,-49.935
881.07,1524.2,-34.993
500.93,2174.5,-44.728
496.15,1974.9,-39.538
1038.6,1481.3,-33.932
1556,262.54,-40.932
1630.4,276.92,-38.506
1687.1,867.78,-37.308
1023,806.57,-45.524
1354.8,721.63,-32.296
1534.9,352.35,-42.099
1403.4,1199.2,-37.758
1355.2,400.59,-38.575
1090.9,986.57,-41.581
1896.2,563.05,-45.548
1343.6,1157.5,-39.257
1276.8,835.83,-38.034
1740,633.53,-42.558
1438.2,768.13,-24.382
1117.9,1243.3,-45.222
1273.1,662.06,-39.927
1546.5,447.49,-41.081
1865,1103.8,-47.628
1140.7,466.39,-41.099
1278.1,1065.9,-40.633
1294.8,657.26,-41.477
1911,550.19,-42.75
1034.8,562.78,-40.992
1383.2,838,-27.66
1711.6,974.55,-42.8
1620.3,508.91,-41.699
1368.7,490.02,-41.111
993.78,958.36,-42.221
1324.5,546.58,-42.081
1360.3,717.93,-34.662
1667.1,980.53,-36.867
1686.7,1288.9,-46.382
1316.3,529.04,-36.68
1407.5,476.6,-40.406
1530.7,686.87,-26.177
1098.2,569.93,-41.484
1574.4,1195.7,-39.971
1038.9,1133.8,-44.72
1691.3,1246.4,-45.99
1502.1,525.99,-38.589
1771,1111.1,-44.332
1054.5,433.99,-38.247
1572.1,750.36,-30.439
976.41,875.66,-43.45
1362,993.17,-18.507
1247.2,486.1,-39.413
1040.1,1163.5,-41.172
1375.6,948.3,-29.152
1526.4,883.17,-16.364
977.76,1150.7,-43.114
1849.2,1198.7,-47.876
1113.8,874.76,-46.719
898.33,753.88,-41.852
1824.1,1070.8,-47.125
1095.7,377.17,-33.851
1885.3,592.69,-43.049
1001.6,760.78,-44.123
1108.7,582.19,-42.428
1319.7,695.41,-35.645
1901.8,1099,-47.573
1608.7,1273.9,-44.1
1205.2,1180.6,-41.317
1047.8,543.63,-42.652
1128.4,426.4,-38.762
1386.5,699.23,-34.347
1188,345.84,-32.698
1639.1,850.73,-31.224
1737,1102.1,-44.623
1697.2,793.4,-37.69
1489,1262.2,-43.125
1614.9,942.18,-35.401
1064.9,1075.6,-44.211
1302.4,243.91,-29.3
1728.3,959.39,-41.633
1642.1,901.74,-33.619
1392.1,1096.9,-29.566
1822.9,589.48,-45.712
1634.9,445.67,-41.646
1433.1,1203.5,-36.537
1537.3,1353.6,-45.057
886.65,753.17,-40.109
1420.1,377.95,-39.501
1956.9,908.64,-47.644
1501.4,856.77,0.058985
1713.5,973.34,-40.661
1297.4,594.37,-40.999
1288.7,816.54,-35.992
1514.6,560.53,-38.175
1938.3,988.24,-45.361
1234.2,752.56,-40.078
1930.1,944.93,-47.407
1011.9,1188.4,-40.388
1196.6,937.11,-38.992
962.07,866.48,-42.878
1252.9,356.59,-33.489
1221.3,646.29,-40.282
1141.1,621.66,-42.823
1443,350.89,-39.945
1531.2,1328.5,-41.922
1233.6,554.29,-41.286
-19.624,-478.51,-40.39
842.66,487.19,-39.092
160.36,-741.69,-34.926
-664.24,-576.55,-38.016
-1142.5,295.02,-34.514
-432.28,673.72,-20.725
-120.9,625.67,-40.448
2259.5,20.66,-36.231
1301.4,-951.99,-31.884
882.71,-1313.9,-34.798
-117.97,-1556.8,-30.908
-1082.6,-1688.4,-20.602
-1439.4,-1297.3,-41.314
-1818.7,-299.36,-32.71
-1217.2,867.12,-30.56
-980.58,1209.2,-39.085
-366.47,1370.1,-43.298
1390.9,1548.3,-38.587
1547.4,1296.5,-42.933
-328.29,21.441,-30.412
1056.4,-168.58,-27.139
266.88,-1196.8,-41.527
-447.23,-676.69,-21.611
-570.3,-75.817,-38.812
-522.42,969.58,-20.153
594.79,208.49,-40.734
1659.8,297.57,-41.087
1748.2,-969.87,-26.334
1367.9,-1639.8,-43.53
102.64,-2353.6,-44.071
-1124.7,-1640.7,-14.949
-1478.5,-1157.8,-33.904
-2013.1,486.9,-40.34
-987.25,428.98,-37.359
-1571.4,1922.3,-47.106
89.836,1516.8,-26.492
1648.5,2075.5,-50.155
992.91,973.61,-43.55
259.03,496.62,-36.588
1047.3,144.01,-16.763
563.63,-1087.7,-25.027
-154.39,-928.7,-35.337
-1357.3,245.51,-39.57
-1066.7,810.48,-39.575
867.76,256.26,-36.437
1821.4,165.39,-23.133
1530.7,-378.47,-43.582
643.96,-1505,-34.964
100.72,-1278.8,-40.053
-1312.2,-2157.4,-48.35
-1427,-538.55,-35.791
-1975.6,139.11,-19.222
-1219.2,811.92,-30.468
-1415.5,1258,-39.044
694.37,1872.3,-36.078
1351.4,1922.9,-34.324
1257.7,944.74,-38.087
