BS1,67.4248,-105.968,10,5
BS1,1036.26,-174.86,10,5
BS1,575.226,-912.352,10,5
BS1,-589.127,-714.739,10,5
BS1,-1025.21,146.597,10,5
BS1,-656.688,887.949,10,5
BS1,405.059,973.122,10,5
BS1,2181.61,-56.6006,10,5
BS1,1387.6,-993.059,10,5
BS1,1097.47,-1609.95,10,5
BS1,98.0506,-1720.92,10,5
BS1,-882.654,-1594.82,10,5
BS1,-1428.97,-760.013,10,5
BS1,-1953.5,48.0323,10,5
BS1,-1405.61,864.869,10,5
BS1,-1181.97,1716.13,10,5
BS1,-82.6834,1660.26,10,5
BS1,905.35,1620.85,10,5
BS1,1301.95,873.451,10,5
BS2,-46.3682,169.423,10,5
BS2,826.347,-29.3513,10,5
BS2,346.747,-754.721,10,5
BS2,-524.355,-749.355,10,5
BS2,-931.339,-179.259,10,5
BS2,-323.234,948.199,10,5
BS2,441.792,855.96,10,5
BS2,2056.57,152.259,10,5
BS2,1590.18,-940.669,10,5
BS2,1025.4,-1719.9,10,5
BS2,-48.474,-1717.81,10,5
BS2,-984.867,-1534.49,10,5
BS2,-1348.3,-971.86,10,5
BS2,-2014.09,146.132,10,5
BS2,-1622.51,988.648,10,5
BS2,-1162.29,1718.14,10,5
BS2,-38.8595,1723.18,10,5
BS2,820.933,1804.73,10,5
BS2,1653.07,793.978,10,5
BS3,-36.7485,167.902,10,5
BS3,923.496,-91.684,10,5
BS3,468.672,-940.848,10,5
BS3,-674.176,-796.545,10,5
BS3,-944.493,-101.008,10,5
BS3,-474.774,1052.89,10,5
BS3,401.965,999.358,10,5
BS3,2146.47,-41.4488,10,5
BS3,1397.11,-1020.27,10,5
BS3,820.814,-1659.74,10,5
BS3,-145.002,-1623.46,10,5
BS3,-1076.03,-1905.82,10,5
BS3,-1591.4,-855.299,10,5
BS3,-1816.18,-58.9945,10,5
BS3,-1386.48,1015.74,10,5
BS3,-1082.46,1629.15,10,5
BS3,-77.4764,1658.61,10,5
BS3,1024.24,1622.93,10,5
BS3,1409.16,896.569,10,5
BS4,40.206,97.1229,10,5
BS4,878.323,-44.822,10,5
BS4,591.845,-698.832,10,5
BS4,-443.073,-822.623,10,5
BS4,-1173.7,4.99195,10,5
BS4,-307.178,847,10,5
BS4,450.117,752.05,10,5
BS4,1998.55,-121.435,10,5
BS4,1472.64,-772.8,10,5
BS4,914.096,-1781.06,10,5
BS4,98.4984,-1591.06,10,5
BS4,-873.767,-1604.65,10,5
BS4,-1410.33,-717.404,10,5
BS4,-1824.77,87.9903,10,5
BS4,-1362.4,912.311,10,5
BS4,-955.542,1818.65,10,5
BS4,50.6432,1567.47,10,5
BS4,890.398,1567.22,10,5
BS4,1387.47,731.559,10,5
UE1,243.835,11.4736,10,5
UE1,-92.6627,-126.406,10,5
UE1,303.675,5.0334,10,5
UE1,-439.696,19.4248,10,5
UE1,-381.842,-328.934,10,5
UE1,284.54,-32.487,10,5
UE1,328.244,-105.979,10,5
UE1,224.868,-236.29,10,5
UE1,201.566,-107.823,10,5
UE1,174.035,-218.727,10,5
UE1,621.597,-91.4741,10,5
UE1,-136.208,-242.294,10,5
UE1,254.884,202.681,10,5
UE1,513.744,-377.445,10,5
UE1,-204.071,226.038,10,5
UE1,-273.398,-291.751,10,5
UE1,-2.39416,-274.189,10,5
UE1,-425.318,-202.559,10,5
UE1,-124.869,435.663,10,5
UE1,-411.123,-357.314,10,5
UE1,61.1265,-563.508,10,5
UE1,554.083,4.16509,10,5
UE1,344.665,-586.824,10,5
UE1,435.302,-481.924,10,5
UE1,560.907,-170.093,10,5
UE1,537.393,-432.46,10,5
UE1,-135.542,-458.61,10,5
UE1,337.944,344.759,10,5
UE1,190.111,-208.836,10,5
UE1,-101.914,-338.143,10,5
UE1,-122.304,-306.69,10,5
UE1,-31.7395,-415.259,10,5
UE1,-64.426,138.295,10,5
UE1,477.574,100.297,10,5
UE1,144.14,353.266,10,5
UE1,-500.002,-144.123,10,5
UE1,-12.5847,312.856,10,5
UE1,30.1587,-296.561,10,5
UE1,-369.62,-26.8117,10,5
UE1,431.411,-238.775,10,5
UE1,-206.872,348.983,10,5
UE1,37.3623,-92.8495,10,5
UE1,-183.344,263.311,10,5
UE1,206.813,-347.712,10,5
UE1,-113.549,-463.79,10,5
UE1,-249.161,-69.8803,10,5
UE1,9.25151,-345.538,10,5
UE1,-16.6821,-186.782,10,5
UE1,-345.334,141.708,10,5
UE1,-144.489,-515.091,10,5
UE1,-74.6427,97.2142,10,5
UE1,-286.288,-395.253,10,5
UE1,27.4878,-434.191,10,5
UE1,51.8462,-364.966,10,5
UE1,487.147,-333.582,10,5
UE1,-99.9079,-346.074,10,5
UE1,-99.8578,-140.546,10,5
UE1,31.8044,433.326,10,5
UE1,-1.58775,-268.591,10,5
UE1,332.988,117.334,10,5
UE1,-326.379,-311.919,10,5
UE1,-87.7952,-374.388,10,5
UE1,117.371,-411.771,10,5
UE1,-53.1653,114.558,10,5
UE1,101.775,-109.354,10,5
UE1,222.672,-399.664,10,5
UE1,211.756,246.865,10,5
UE1,601.967,-248.106,10,5
UE1,112.438,-586.297,10,5
UE1,413.387,223.62,10,5
UE1,-310.946,232.578,10,5
UE1,584.759,-299.407,10,5
UE1,235.764,-304.536,10,5
UE1,183.131,-517.151,10,5
UE1,-93.273,418.87,10,5
UE1,522.222,-396.024,10,5
UE1,-370.533,-100.86,10,5
UE1,224.794,151.768,10,5
UE1,334.377,-410.386,10,5
UE1,-450.415,14.3621,10,5
UE1,-243.764,-98.1011,10,5
UE1,269.491,326.412,10,5
UE1,37.1749,-318.997,10,5
UE1,-255.433,-350.313,10,5
UE1,325.659,-523.627,10,5
UE1,185.933,138.684,10,5
UE1,-133.491,-104.107,10,5
UE1,291.177,158.487,10,5
UE1,-184.848,390.634,10,5
UE1,449.337,-353.469,10,5
UE1,338.234,-552.108,10,5
UE1,-266.422,-97.7319,10,5
UE1,-301.421,182.644,10,5
UE1,-160.101,-291.519,10,5
UE1,157.798,20.4637,10,5
UE1,429.058,185.057,10,5
UE1,-135.392,128.208,10,5
UE1,-17.8232,45.949,10,5
UE1,-433.213,139.964,10,5
UE1,-189.812,-254.995,10,5
UE1,774.837,-204.079,10,5
UE1,683.943,-308.144,10,5
UE1,1210.71,-492.464,10,5
UE1,1048,154.384,10,5
UE1,976.631,-632.102,10,5
UE1,1370.32,-206.767,10,5
UE1,1206.52,-302.592,10,5
UE1,1000.32,-152.3,10,5
UE1,1141.67,-671.554,10,5
UE1,983.312,13.2154,10,5
UE1,1361.5,-541.281,10,5
UE1,1404.64,-57.3069,10,5
UE1,1519.98,-216.09,10,5
UE1,1132.91,210.41,10,5
UE1,1153.35,-307.368,10,5
UE1,1325.69,34.2017,10,5
UE1,886.807,268.352,10,5
UE1,1112.24,-369.988,10,5
UE1,1162.7,-132.448,10,5
UE1,544.276,-40.9839,10,5
UE1,899.626,-533.568,10,5
UE1,1360.93,126.631,10,5
UE1,666.472,-374.043,10,5
UE1,749.222,-370.052,10,5
UE1,854.306,337.754,10,5
UE1,801.054,-140.004,10,5
UE1,713.447,-440.992,10,5
UE1,709.439,-477.642,10,5
UE1,1090.14,347.982,10,5
UE1,1200.35,-97.5309,10,5
UE1,1247.15,-284.444,10,5
UE1,764.072,-143.482,10,5
UE1,1180.6,-450.525,10,5
UE1,698.981,247.804,10,5
UE1,745.521,257.315,10,5
UE1,976.838,-267.397,10,5
UE1,1012.38,333.602,10,5
UE1,665.459,-550.184,10,5
UE1,939.334,78.488,10,5
UE1,1181.13,252.823,10,5
UE1,1401.93,126.611,10,5
UE1,1134.79,-654.257,10,5
UE1,1148.43,172.97,10,5
UE1,883.857,173.373,10,5
UE1,1078.95,180.955,10,5
UE1,814.117,-221.368,10,5
UE1,970.771,-198.624,10,5
UE1,775.911,68.9665,10,5
UE1,867.229,290.899,10,5
UE1,1005.76,289.209,10,5
UE1,512.572,-353.485,10,5
UE1,833.009,-652.656,10,5
UE1,932.542,-479.982,10,5
UE1,1009.06,-210.342,10,5
UE1,517.53,-283.848,10,5
UE1,695.99,-488.205,10,5
UE1,673.482,-217.255,10,5
UE1,719.352,197.831,10,5
UE1,1188.43,-624.869,10,5
UE1,1096.23,-89.1017,10,5
UE1,1476.47,10.9251,10,5
UE1,1209.67,244.66,10,5
UE1,902.686,-588.629,10,5
UE1,1079.86,-174.552,10,5
UE1,935.885,102.644,10,5
UE1,736.95,-617.485,10,5
UE1,1177.57,131.21,10,5
UE1,767.764,-644.494,10,5
UE1,851.916,-440,10,5
UE1,1223.07,-339.526,10,5
UE1,1261.81,166.818,10,5
UE1,1262.02,-591.966,10,5
UE1,1244.15,-317.728,10,5
UE1,654.059,123.453,10,5
UE1,1326.39,-488.026,10,5
UE1,997.642,-730.701,10,5
UE1,1095.06,377.432,10,5
UE1,507.67,-351.925,10,5
UE1,607.615,-159.79,10,5
UE1,1514.95,-367.424,10,5
UE1,1210.74,-584.108,10,5
UE1,719.318,-655.392,10,5
UE1,1338.63,-303.79,10,5
UE1,1348.07,-489.383,10,5
UE1,710.376,-557.742,10,5
UE1,1118.08,-682.752,10,5
UE1,1000.27,272.264,10,5
UE1,804.521,-131.504,10,5
UE1,1187.58,-689.755,10,5
UE1,1364.67,-511.537,10,5
UE1,651.422,61.0286,10,5
UE1,655.952,-440.007,10,5
UE1,820.52,-228.173,10,5
UE1,944.153,-224.763,10,5
UE1,910.177,-570.6,10,5
UE1,1241.68,-534.416,10,5
UE1,1343.09,87.6864,10,5
UE1,909.461,-183.117,10,5
UE1,1177.05,-503.864,10,5
UE1,784.583,-470.126,10,5
UE1,109.803,-1144.81,10,5
UE1,240.449,-1103.81,10,5
UE1,5.43614,-830.753,10,5
UE1,721.881,-855.644,10,5
UE1,292.639,-1257.31,10,5
UE1,621.563,-645.844,10,5
UE1,196.267,-1317.14,10,5
UE1,545.505,-1303.78,10,5
UE1,82.235,-711.991,10,5
UE1,1112.61,-1077.07,10,5
UE1,982.337,-1211.72,10,5
UE1,363.321,-546.574,10,5
UE1,652.067,-521.09,10,5
UE1,949.763,-1034.51,10,5
UE1,999.287,-1289.46,10,5
UE1,733.09,-555.178,10,5
UE1,670.579,-1408.42,10,5
UE1,817.206,-1077.29,10,5
UE1,616.514,-1477.22,10,5
UE1,395.192,-593.681,10,5
UE1,176.54,-1072.48,10,5
UE1,393.756,-1087.47,10,5
UE1,232.29,-864.558,10,5
UE1,261.528,-1367.03,10,5
UE1,685.088,-476.616,10,5
UE1,702.043,-1055.41,10,5
UE1,394.877,-728.7,10,5
UE1,306.331,-1265.93,10,5
UE1,376.824,-1311.32,10,5
UE1,978.133,-756.158,10,5
UE1,313.418,-1022.96,10,5
UE1,911.182,-872.245,10,5
UE1,1128.87,-880.754,10,5
UE1,168.112,-1213.75,10,5
UE1,998.399,-1275.17,10,5
UE1,754.726,-570.408,10,5
UE1,62.2129,-872.693,10,5
UE1,211.086,-1346.98,10,5
UE1,750.201,-653.711,10,5
UE1,832.984,-1147.77,10,5
UE1,977.802,-1207.04,10,5
UE1,277.231,-866.699,10,5
UE1,765.797,-978.751,10,5
UE1,877.908,-1252.74,10,5
UE1,466.704,-1456.44,10,5
UE1,698.625,-631.722,10,5
UE1,704.498,-686.818,10,5
UE1,405.159,-1084.84,10,5
UE1,767.8,-715.696,10,5
UE1,639.428,-934.593,10,5
UE1,681.446,-743.044,10,5
UE1,123.842,-802.026,10,5
UE1,733.081,-1005.41,10,5
UE1,459.769,-1013.15,10,5
UE1,255.968,-660.657,10,5
UE1,287.279,-791.136,10,5
UE1,595.761,-361.589,10,5
UE1,344.711,-1014.11,10,5
UE1,945.416,-830.297,10,5
UE1,770.956,-1373.34,10,5
UE1,217.994,-459.983,10,5
UE1,982.284,-819.572,10,5
UE1,717.618,-465.078,10,5
UE1,472.75,-1226.31,10,5
UE1,931.532,-1209.6,10,5
UE1,504.964,-803.883,10,5
UE1,629.395,-1426.66,10,5
UE1,424.327,-1364.3,10,5
UE1,841.261,-1095.14,10,5
UE1,580.131,-1227.26,10,5
UE1,666.661,-1145.99,10,5
UE1,463.107,-984.607,10,5
UE1,759.114,-776.166,10,5
UE1,583.053,-699.576,10,5
UE1,457.435,-986.193,10,5
UE1,1006.52,-1271.2,10,5
UE1,1096.2,-721,10,5
UE1,288.246,-855.83,10,5
UE1,372.696,-1035.61,10,5
UE1,231.92,-1114.18,10,5
UE1,797.503,-1421.18,10,5
UE1,141.044,-985.384,10,5
UE1,539.877,-1183.9,10,5
UE1,534.384,-454.891,10,5
UE1,502.903,-930.04,10,5
UE1,884.379,-1054.24,10,5
UE1,689.803,-511.266,10,5
UE1,315.352,-725.99,10,5
UE1,377.646,-1331.57,10,5
UE1,294.718,-808.043,10,5
UE1,478.71,-1230.96,10,5
UE1,686.366,-422.035,10,5
UE1,550.923,-435.916,10,5
UE1,1102.93,-858.528,10,5
UE1,843.55,-1270.14,10,5
UE1,370.487,-487.54,10,5
UE1,51.4169,-1001.5,10,5
UE1,574.84,-620.281,10,5
UE1,946.009,-728.578,10,5
UE1,922.522,-1200.35,10,5
UE1,-503.365,-690.456,10,5
UE1,-186.565,-701.895,10,5
UE1,-718.396,-246.668,10,5
UE1,-413.785,-1086.47,10,5
UE1,-747.181,-681.978,10,5
UE1,-443.717,-340.739,10,5
UE1,-482.591,-770.394,10,5
UE1,-342.833,-570.309,10,5
UE1,-697.59,-1152.62,10,5
UE1,-116.925,-403.036,10,5
UE1,-430.899,-888.697,10,5
UE1,-1085.52,-639.144,10,5
UE1,-580.837,-762.228,10,5
UE1,-1025.11,-949.496,10,5
UE1,-610.965,-1268.52,10,5
UE1,-168.149,-423.181,10,5
UE1,-415.63,-775.44,10,5
UE1,-633.102,-435.915,10,5
UE1,-523.911,-880.237,10,5
UE1,-595.367,-1018.47,10,5
UE1,-330.162,-219.634,10,5
UE1,-576.892,-893.732,10,5
UE1,-62.373,-777.559,10,5
UE1,-850.312,-311.846,10,5
UE1,-955.314,-612.12,10,5
UE1,-775.384,-985.242,10,5
UE1,-757.04,-837.531,10,5
UE1,-279.627,-541.372,10,5
UE1,-283.505,-359.369,10,5
UE1,-181.739,-358.032,10,5
UE1,-819.319,-845.942,10,5
UE1,-795.138,-1080.31,10,5
UE1,-803.066,-196.805,10,5
UE1,-566.115,-915.03,10,5
UE1,-186.986,-616.148,10,5
UE1,-803.15,-557.799,10,5
UE1,-809.899,-647.048,10,5
UE1,-725.119,-359.891,10,5
UE1,-124.282,-698.859,10,5
UE1,-313.959,-435.313,10,5
UE1,-149.105,-457.545,10,5
UE1,-482.249,-1180.06,10,5
UE1,-135.041,-1002,10,5
UE1,-473.386,-666.65,10,5
UE1,-828.464,-755.852,10,5
UE1,-417.451,-798.354,10,5
UE1,-928.804,-426.454,10,5
UE1,-900.622,-1083.7,10,5
UE1,-945.834,-804.926,10,5
UE1,-396.375,-1108.66,10,5
UE1,-349.773,-843.304,10,5
UE1,-502.974,-1057.03,10,5
UE1,-721.911,-592.978,10,5
UE1,-461.226,-1050.29,10,5
UE1,-598.667,-1272.35,10,5
UE1,-281.824,-1141.8,10,5
UE1,-691.046,-1163.17,10,5
UE1,-1042.82,-760.903,10,5
UE1,-1028.06,-721.362,10,5
UE1,-635.844,-802.095,10,5
UE1,-572.438,-1161.26,10,5
UE1,-448.531,-546.944,10,5
UE1,-419.498,-235.105,10,5
UE1,-312.87,-1125.21,10,5
UE1,-399.373,-283.509,10,5
UE1,-661.405,-541.75,10,5
UE1,-448.14,-833.731,10,5
UE1,-886.704,-676.723,10,5
UE1,-492.973,-420.545,10,5
UE1,-896.982,-1184.32,10,5
UE1,-517.016,-310.306,10,5
UE1,-489.807,-1264.17,10,5
UE1,-392.728,-470.794,10,5
UE1,-1018.74,-887.987,10,5
UE1,-394.221,-913.57,10,5
UE1,-799.508,-1121.28,10,5
UE1,-331.204,-1166.56,10,5
UE1,-574.928,-811.026,10,5
UE1,-971.359,-958.685,10,5
UE1,-545.269,-1220.61,10,5
UE1,-623.301,-558.58,10,5
UE1,-414.311,-878.884,10,5
UE1,-439.775,-402.526,10,5
UE1,-921.713,-590.36,10,5
UE1,-699.036,-861.167,10,5
UE1,-835.522,-236.46,10,5
UE1,-734.395,-831.271,10,5
UE1,-417.564,-1183.96,10,5
UE1,-870.251,-507.167,10,5
UE1,-826.103,-529.1,10,5
UE1,-711.262,-803.059,10,5
UE1,-280.087,-934.707,10,5
UE1,-241.094,-1036.53,10,5
UE1,-973.338,-617.766,10,5
UE1,-661.141,-451.057,10,5
UE1,-578.311,-276.686,10,5
UE1,-653.867,-520.357,10,5
UE1,-590.526,-1114.56,10,5
UE1,-841.278,-692.287,10,5
UE1,-455.96,-878.065,10,5
UE1,-1305.23,-241.328,10,5
UE1,-970.091,255.472,10,5
UE1,-533.419,19.3924,10,5
UE1,-619.043,495.551,10,5
UE1,-872.55,701.297,10,5
UE1,-1484.68,40.5101,10,5
UE1,-1538.37,258.479,10,5
UE1,-645.602,-158.217,10,5
UE1,-1235.37,288.907,10,5
UE1,-906.037,-46.5489,10,5
UE1,-1176.76,-144.696,10,5
UE1,-1266.66,491.547,10,5
UE1,-1470.38,269.164,10,5
UE1,-1105.56,-236.435,10,5
UE1,-1067.85,135.323,10,5
UE1,-1054.79,397.444,10,5
UE1,-1159.16,-213.834,10,5
UE1,-985.296,611.181,10,5
UE1,-959.53,481.241,10,5
UE1,-1400.46,112.667,10,5
UE1,-1097.07,254.477,10,5
UE1,-594.635,436.534,10,5
UE1,-609.856,-248.324,10,5
UE1,-1330.11,105.623,10,5
UE1,-878.228,459.647,10,5
UE1,-1519.67,346.004,10,5
UE1,-1233.99,-320.474,10,5
UE1,-1188.51,288.215,10,5
UE1,-1191.33,229.208,10,5
UE1,-1483.56,-188.2,10,5
UE1,-609.098,487.473,10,5
UE1,-746.378,581.871,10,5
UE1,-1165.55,481.319,10,5
UE1,-1429.99,262.295,10,5
UE1,-1043.03,-421.415,10,5
UE1,-859.264,102.601,10,5
UE1,-893.385,163.679,10,5
UE1,-586.797,-180.925,10,5
UE1,-663.224,238.854,10,5
UE1,-915.895,394.076,10,5
UE1,-944.413,-301.529,10,5
UE1,-674.449,321.554,10,5
UE1,-1354.25,358.391,10,5
UE1,-1448.32,-168.29,10,5
UE1,-1264.42,46.0553,10,5
UE1,-869.891,-300.382,10,5
UE1,-515.014,391.874,10,5
UE1,-1378.65,202.204,10,5
UE1,-1375.28,579.446,10,5
UE1,-864.543,54.0838,10,5
UE1,-586.625,-168.295,10,5
UE1,-827.066,663.802,10,5
UE1,-869.502,71.7401,10,5
UE1,-780.465,-365.757,10,5
UE1,-1064.82,144.405,10,5
UE1,-908.223,432.827,10,5
UE1,-1230.67,-65.473,10,5
UE1,-1026.13,36.3717,10,5
UE1,-1085.37,-189.667,10,5
UE1,-811.446,-75.302,10,5
UE1,-1473.56,-7.6555,10,5
UE1,-585.392,26.8984,10,5
UE1,-1271.2,-142.547,10,5
UE1,-450.188,177.585,10,5
UE1,-1388.94,565.881,10,5
UE1,-784.298,319.982,10,5
UE1,-927.114,-148.832,10,5
UE1,-832.388,600.203,10,5
UE1,-1060.43,179.378,10,5
UE1,-1199.55,-368.911,10,5
UE1,-483.451,186.43,10,5
UE1,-820.183,559.842,10,5
UE1,-693.984,591.99,10,5
UE1,-1267.46,-334.009,10,5
UE1,-1094.35,567.99,10,5
UE1,-730.535,581.383,10,5
UE1,-992.449,337.695,10,5
UE1,-1537.06,303.424,10,5
UE1,-1400.98,35.4152,10,5
UE1,-682.977,-284.308,10,5
UE1,-1452.31,515.248,10,5
UE1,-910.515,368.709,10,5
UE1,-1019.05,492.821,10,5
UE1,-628.215,-80.1931,10,5
UE1,-1329.06,482.139,10,5
UE1,-1378.22,107.87,10,5
UE1,-1505.89,141.054,10,5
UE1,-562.966,199.093,10,5
UE1,-1376.63,-181.208,10,5
UE1,-1566.83,77.7659,10,5
UE1,-999.645,620.074,10,5
UE1,-1089.22,-241.362,10,5
UE1,-967.513,-88.9554,10,5
UE1,-1176.93,443.554,10,5
UE1,-1184.6,-40.9905,10,5
UE1,-1021.53,236.976,10,5
UE1,-784.128,431.082,10,5
UE1,-941.096,494.73,10,5
UE1,-989.067,-58.0056,10,5
UE1,-806.287,164.743,10,5
UE1,-233.648,568.47,10,5
UE1,-622.63,1259.07,10,5
UE1,-683.039,490.378,10,5
UE1,-328.373,1103.59,10,5
UE1,-151.676,692.548,10,5
UE1,-846.386,658.354,10,5
UE1,-589.839,1184.74,10,5
UE1,-1026.96,1012.33,10,5
UE1,-800.037,1305.95,10,5
UE1,-362.226,596.916,10,5
UE1,-197.447,805.77,10,5
UE1,-1009.05,436.544,10,5
UE1,-548.175,544.501,10,5
UE1,-982.777,856.025,10,5
UE1,-981.079,512.188,10,5
UE1,-379.529,570.347,10,5
UE1,-813.864,795.942,10,5
UE1,-343.887,788.234,10,5
UE1,-763.253,832.397,10,5
UE1,-560.538,484.068,10,5
UE1,-321.594,714.827,10,5
UE1,-610.918,677.876,10,5
UE1,-733.816,620.593,10,5
UE1,-698.665,858.599,10,5
UE1,-489.747,527.919,10,5
UE1,-1164.61,814.915,10,5
UE1,-491.739,1056.68,10,5
UE1,-566.755,340.188,10,5
UE1,-948.477,778.93,10,5
UE1,-653.438,1141.78,10,5
UE1,-467.25,926.072,10,5
UE1,-721.123,439.733,10,5
UE1,-543.692,1349.48,10,5
UE1,-180.794,698.315,10,5
UE1,-744.185,403.87,10,5
UE1,-816.441,1323.19,10,5
UE1,-558.55,1030.69,10,5
UE1,-541.677,365.545,10,5
UE1,-813.89,1207.85,10,5
UE1,-510.64,727.082,10,5
UE1,-436.451,602.721,10,5
UE1,-135.389,653.425,10,5
UE1,-1111.27,716.856,10,5
UE1,-494.077,780.348,10,5
UE1,-429.577,888.016,10,5
UE1,-693.133,983.918,10,5
UE1,-668.259,995.334,10,5
UE1,-896.332,568.574,10,5
UE1,-758.014,457.568,10,5
UE1,-697.567,1266.19,10,5
UE1,-827.756,1289.88,10,5
UE1,-311.176,1078.98,10,5
UE1,-934.898,429.102,10,5
UE1,-925.18,1394.07,10,5
UE1,-651.047,1142.65,10,5
UE1,-529.199,1019.91,10,5
UE1,-778.807,815.73,10,5
UE1,-467.681,995.878,10,5
UE1,-588.063,318.091,10,5
UE1,-677.312,1393.55,10,5
UE1,-389.896,1229.53,10,5
UE1,-540.591,536.468,10,5
UE1,-970.254,662.258,10,5
UE1,-407.618,683.006,10,5
UE1,-433.338,938.639,10,5
UE1,-662.624,546.856,10,5
UE1,-720.263,366.897,10,5
UE1,-507.147,558.119,10,5
UE1,-734.468,682.16,10,5
UE1,-1063.96,1271.01,10,5
UE1,-877.663,1234.6,10,5
UE1,-119.165,1026.27,10,5
UE1,-840.567,804.122,10,5
UE1,-351.431,1026.03,10,5
UE1,-406.513,1100.82,10,5
UE1,-427.145,1068.96,10,5
UE1,-236.927,533.29,10,5
UE1,-854.726,537.05,10,5
UE1,-921.802,1228.1,10,5
UE1,-544.932,544.949,10,5
UE1,-746.668,470.653,10,5
UE1,-679.818,502.926,10,5
UE1,-961.467,1192.83,10,5
UE1,-575.747,761.819,10,5
UE1,-734.644,628.347,10,5
UE1,-535.904,892.828,10,5
UE1,-673.606,764.664,10,5
UE1,-348.429,827.558,10,5
UE1,-602.85,984.691,10,5
UE1,-861.22,660.25,10,5
UE1,-975.223,1268.52,10,5
UE1,-936.566,819.722,10,5
UE1,-814.902,679.036,10,5
UE1,-658.918,860.92,10,5
UE1,-617.095,466.968,10,5
UE1,-969.973,1137.01,10,5
UE1,-474.782,994.589,10,5
UE1,-304.957,717.006,10,5
UE1,-837.761,415.54,10,5
UE1,-1014.33,827.088,10,5
UE1,902.431,1017.46,10,5
UE1,-32.0785,1129.77,10,5
UE1,913.748,1071.23,10,5
UE1,74.3378,1255.71,10,5
UE1,505.52,1009.58,10,5
UE1,484.317,465.676,10,5
UE1,817.795,1069.52,10,5
UE1,224.235,1305.29,10,5
UE1,773.06,1021.28,10,5
UE1,-113.27,755.896,10,5
UE1,608.573,764.681,10,5
UE1,331.092,615.806,10,5
UE1,120.439,580.222,10,5
UE1,562.623,902.784,10,5
UE1,37.1203,1161.26,10,5
UE1,22.8238,978.294,10,5
UE1,363.26,1531.9,10,5
UE1,671.922,1134.58,10,5
UE1,403.137,575.85,10,5
UE1,736.445,575.54,10,5
UE1,-54.1877,948.95,10,5
UE1,55.7514,729.417,10,5
UE1,657.701,1467.65,10,5
UE1,656.938,932.415,10,5
UE1,178.3,1330.31,10,5
UE1,569.316,1182.82,10,5
UE1,546.613,456.531,10,5
UE1,113.958,722.767,10,5
UE1,17.7927,794.578,10,5
UE1,-158.327,857.49,10,5
UE1,498.273,1009.46,10,5
UE1,107.131,1107.75,10,5
UE1,814.855,903.316,10,5
UE1,33.663,652.864,10,5
UE1,801.871,955.934,10,5
UE1,2.32829,904.092,10,5
UE1,562.335,1101.72,10,5
UE1,699.553,1061.43,10,5
UE1,484.281,999.008,10,5
UE1,47.5884,1019.53,10,5
UE1,-20.1634,809.311,10,5
UE1,132.835,766.283,10,5
UE1,137.73,997.613,10,5
UE1,441.631,843.848,10,5
UE1,431.28,644.672,10,5
UE1,904.783,1127.69,10,5
UE1,157.696,1287.26,10,5
UE1,611.454,1232.04,10,5
UE1,906.792,970.73,10,5
UE1,949.805,1156.52,10,5
UE1,460.117,1408.59,10,5
UE1,69.3255,986.141,10,5
UE1,280.799,567.651,10,5
UE1,46.5818,623.597,10,5
UE1,233.806,903.995,10,5
UE1,529.105,1129.41,10,5
UE1,330.607,480.138,10,5
UE1,144.129,1021.75,10,5
UE1,693.893,904.915,10,5
UE1,356.284,1462.26,10,5
UE1,132.966,798.885,10,5
UE1,-131.449,807.654,10,5
UE1,535.216,511.66,10,5
UE1,321.111,1480.04,10,5
UE1,93.0926,1081.81,10,5
UE1,509.603,510.154,10,5
UE1,658.824,804.155,10,5
UE1,853.218,1017.47,10,5
UE1,599.754,555.114,10,5
UE1,174.583,1244.3,10,5
UE1,382.211,563.586,10,5
UE1,10.6365,973.076,10,5
UE1,398.008,1541.56,10,5
UE1,289.424,731.813,10,5
UE1,456.976,1531.53,10,5
UE1,893.615,782.655,10,5
UE1,384.147,1375.84,10,5
UE1,423.769,842.87,10,5
UE1,460.103,1088.12,10,5
UE1,661.592,595.67,10,5
UE1,77.8261,1293.72,10,5
UE1,306.11,1263.77,10,5
UE1,679.235,797.984,10,5
UE1,789.161,664.676,10,5
UE1,685.357,894.756,10,5
UE1,777.702,1278.79,10,5
UE1,432.695,523.557,10,5
UE1,436.886,1026.95,10,5
UE1,-59.3527,717.626,10,5
UE1,480.699,1488.6,10,5
UE1,461.784,743.781,10,5
UE1,326.173,876.303,10,5
UE1,198.532,664.668,10,5
UE1,833.842,1279.97,10,5
UE1,-140.203,1103.23,10,5
UE1,-107.488,1102.5,10,5
UE1,-45.103,746.547,10,5
UE1,693.271,1252.38,10,5
UE1,466.416,1007.25,10,5
UE1,431.012,1081.66,10,5
UE1,2580.77,47.9109,10,5
UE1,2170.46,-354.857,10,5
UE1,1986.48,316.572,10,5
UE1,1660.33,168.135,10,5
UE1,2028.55,-140.112,10,5
UE1,1831.6,264.861,10,5
UE1,2656.1,-293.265,10,5
UE1,1923.38,-305.937,10,5
UE1,2078.33,-290.544,10,5
UE1,2486.46,362.341,10,5
UE1,2063.88,-307.478,10,5
UE1,2417.23,-548.254,10,5
UE1,2161.94,115.735,10,5
UE1,2188.8,-24.6016,10,5
UE1,2342.98,93.7636,10,5
UE1,2371.26,-188.305,10,5
UE1,1926.76,-444.683,10,5
UE1,1667.23,194.578,10,5
UE1,2409.53,428.52,10,5
UE1,2661.85,-205.767,10,5
UE1,2501.3,-151.154,10,5
UE1,1680.79,149.217,10,5
UE1,2243.21,70.8039,10,5
UE1,2122.46,475.879,10,5
UE1,2166.19,315.9,10,5
UE1,1907.87,-543.367,10,5
UE1,1940.55,-380.473,10,5
UE1,2446.37,-541.313,10,5
UE1,2075.09,-115.127,10,5
UE1,2603.69,-290.436,10,5
UE1,2372.75,430.659,10,5
UE1,2518.96,-467.119,10,5
UE1,1877.75,0.719633,10,5
UE1,2411.46,-461.21,10,5
UE1,2481.7,356.988,10,5
UE1,2024.24,43.2518,10,5
UE1,2573.18,302.533,10,5
UE1,2494.35,-86.3079,10,5
UE1,2424.56,-214.867,10,5
UE1,2308.82,139.985,10,5
UE1,1928.88,-516.471,10,5
UE1,2443.17,137.093,10,5
UE1,1955.2,452.028,10,5
UE1,2234.93,487.152,10,5
UE1,2405.28,-91.479,10,5
UE1,1988.04,-189.866,10,5
UE1,2566.87,-113.167,10,5
UE1,2565.96,-22.9351,10,5
UE1,2157.01,-586.786,10,5
UE1,2627.55,256.999,10,5
UE1,1901.01,-357.008,10,5
UE1,2680.73,-65.8457,10,5
UE1,1829.72,394.072,10,5
UE1,2466.1,26.0352,10,5
UE1,2206.9,202.508,10,5
UE1,1687.58,182.318,10,5
UE1,2593.82,23.7348,10,5
UE1,2239.58,278.452,10,5
UE1,1803.26,38.5968,10,5
UE1,2196.19,324.18,10,5
UE1,1776.49,-396.454,10,5
UE1,1827.04,-321.187,10,5
UE1,2054.42,378.011,10,5
UE1,2291.27,-32.0767,10,5
UE1,1977.47,-7.00102,10,5
UE1,2340.69,-130.663,10,5
UE1,1827.66,-485.065,10,5
UE1,2493.27,-540.684,10,5
UE1,2639.61,-348.527,10,5
UE1,2168.9,162.139,10,5
UE1,2586.19,198.767,10,5
UE1,2372.38,3.71756,10,5
UE1,2242.94,237.708,10,5
UE1,1716.33,39.6641,10,5
UE1,2116.48,-538.903,10,5
UE1,2434.97,164.563,10,5
UE1,1718.43,-211.295,10,5
UE1,2658.55,-289.798,10,5
UE1,1902.1,435.707,10,5
UE1,2566.35,-397.769,10,5
UE1,2612.13,236.75,10,5
UE1,2556.29,-379.735,10,5
UE1,2159.66,-548.349,10,5
UE1,2125.88,-519.375,10,5
UE1,1748.09,-433.058,10,5
UE1,2321.83,-519.769,10,5
UE1,1948.82,-533.371,10,5
UE1,2425.32,-545.046,10,5
UE1,2412.56,152.216,10,5
UE1,1705.96,-291.759,10,5
UE1,2659.89,-48.7186,10,5
UE1,2351.25,337.909,10,5
UE1,2022.2,53.8823,10,5
UE1,1780.23,232.954,10,5
UE1,2455.55,84.3399,10,5
UE1,1947.35,-101.242,10,5
UE1,2482.56,162.855,10,5
UE1,2621.91,-351.3,10,5
UE1,2465.05,306.374,10,5
UE1,1679.33,-43.2392,10,5
UE1,1477.76,-715.942,10,5
UE1,937.854,-1227.77,10,5
UE1,1741.7,-733.371,10,5
UE1,1088.53,-916.891,10,5
UE1,1747.03,-595.048,10,5
UE1,1048.06,-743.302,10,5
UE1,1065.36,-1225.86,10,5
UE1,1474.5,-1181.67,10,5
UE1,1049.97,-1431.2,10,5
UE1,977.015,-1115.84,10,5
UE1,1424.24,-1471.2,10,5
UE1,1497.72,-721.492,10,5
UE1,892.918,-828.954,10,5
UE1,864.436,-1164.84,10,5
UE1,1734.9,-663.475,10,5
UE1,1496.19,-684.833,10,5
UE1,1863.33,-1168.9,10,5
UE1,1488.63,-925.517,10,5
UE1,1131.19,-648.49,10,5
UE1,1193.06,-641.49,10,5
UE1,958.835,-750.09,10,5
UE1,1463.45,-984.174,10,5
UE1,1537.49,-486.813,10,5
UE1,1708.11,-568.609,10,5
UE1,1406.5,-1473.13,10,5
UE1,1049.47,-751.667,10,5
UE1,1056.92,-697.964,10,5
UE1,1474.47,-1512.48,10,5
UE1,1113.69,-809.211,10,5
UE1,1371.26,-1411.51,10,5
UE1,1944.35,-938.863,10,5
UE1,1712.59,-1455.33,10,5
UE1,1256.99,-1537.42,10,5
UE1,1533.92,-989.879,10,5
UE1,1054.33,-983.44,10,5
UE1,862.365,-1161.03,10,5
UE1,1788.35,-824.421,10,5
UE1,1658.36,-1118.65,10,5
UE1,1254.32,-902.591,10,5
UE1,1559.25,-837.319,10,5
UE1,1442.91,-1404.88,10,5
UE1,1290.51,-1198.67,10,5
UE1,1690.03,-747.288,10,5
UE1,1800.37,-1023.33,10,5
UE1,1489.33,-1476.17,10,5
UE1,1885.95,-860.836,10,5
UE1,1131.6,-1473.03,10,5
UE1,1404.61,-1350.46,10,5
UE1,1630.4,-1433.99,10,5
UE1,1075.23,-889.13,10,5
UE1,1864.54,-669.269,10,5
UE1,1403.64,-764.037,10,5
UE1,1170,-1088.78,10,5
UE1,879.542,-737.777,10,5
UE1,1393.78,-567.856,10,5
UE1,1441.07,-934.37,10,5
UE1,1868.94,-796.297,10,5
UE1,1496.76,-781.387,10,5
UE1,1360.83,-761.955,10,5
UE1,1335.57,-1113.06,10,5
UE1,1775.56,-1295.13,10,5
UE1,1642.6,-1344.7,10,5
UE1,1050.21,-1290.38,10,5
UE1,1754.63,-1109.09,10,5
UE1,1140.34,-724.577,10,5
UE1,1438.29,-1382.55,10,5
UE1,1342.53,-959.568,10,5
UE1,978.722,-1385.29,10,5
UE1,1441.75,-879.432,10,5
UE1,1733.87,-1142.14,10,5
UE1,1261.22,-1074.1,10,5
UE1,948.238,-837.483,10,5
UE1,1718.58,-1304.32,10,5
UE1,1485.81,-1192.32,10,5
UE1,1471.31,-1395.61,10,5
UE1,1535.43,-541.779,10,5
UE1,1400.52,-865.371,10,5
UE1,1407.4,-461.8,10,5
UE1,1246.79,-1205.67,10,5
UE1,1362.52,-904.669,10,5
UE1,1266.57,-1075.85,10,5
UE1,813.838,-952.373,10,5
UE1,1558.95,-907.023,10,5
UE1,1667.94,-1068.76,10,5
UE1,1685.53,-536.28,10,5
UE1,1175.52,-1445.07,10,5
UE1,1586.31,-1042.73,10,5
UE1,957.046,-685.512,10,5
UE1,1380.86,-1266.16,10,5
UE1,1806.17,-1021.68,10,5
UE1,1359.21,-1242.13,10,5
UE1,1542.22,-447.474,10,5
UE1,1416.21,-607.004,10,5
UE1,1603.76,-1494.35,10,5
UE1,1271.38,-1143.76,10,5
UE1,1636.2,-1128.75,10,5
UE1,1558.52,-665.914,10,5
UE1,1415.13,-707.368,10,5
UE1,1136.21,-1024.24,10,5
UE1,912.617,-995.167,10,5
UE1,1198.71,-1695.9,10,5
UE1,1609.41,-1436.94,10,5
UE1,652.449,-1860.76,10,5
UE1,1566.37,-1404.05,10,5
UE1,1096.85,-1928.12,10,5
UE1,1130.54,-1177.7,10,5
UE1,1267.64,-1095.05,10,5
UE1,1004.92,-1786.81,10,5
UE1,1474.68,-1236.34,10,5
UE1,757.458,-1672.36,10,5
UE1,1203.02,-1539.11,10,5
UE1,675.733,-1751.92,10,5
UE1,1028.78,-2065.58,10,5
UE1,1133.66,-1832.43,10,5
UE1,1031.43,-1762.03,10,5
UE1,1530.82,-1663.82,10,5
UE1,1165.66,-1532.07,10,5
UE1,632.862,-1458.54,10,5
UE1,1264.4,-1989.2,10,5
UE1,663.71,-1623.46,10,5
UE1,1308.61,-2060.19,10,5
UE1,1151.84,-1551.93,10,5
UE1,734.3,-1978.18,10,5
UE1,1419.27,-1227.52,10,5
UE1,820.553,-1991.48,10,5
UE1,1482.41,-1294.4,10,5
UE1,998.281,-2068.44,10,5
UE1,894.045,-1284.58,10,5
UE1,1038.63,-1423.7,10,5
UE1,623.973,-1931.25,10,5
UE1,1240.1,-1196.23,10,5
UE1,785.232,-1725.16,10,5
UE1,1062.22,-1638.15,10,5
UE1,1454.58,-1494.08,10,5
UE1,671.697,-1668.73,10,5
UE1,1433.92,-1633.11,10,5
UE1,1038.66,-1419.59,10,5
UE1,742.334,-1184,10,5
UE1,1457.98,-1800.37,10,5
UE1,897.101,-1997.93,10,5
UE1,1352.35,-1167.39,10,5
UE1,876.272,-1114.95,10,5
UE1,658.449,-1449.95,10,5
UE1,871.089,-1167.07,10,5
UE1,1168.24,-2158.87,10,5
UE1,1014.23,-2171.38,10,5
UE1,790.744,-1600.88,10,5
UE1,1040.03,-1434.2,10,5
UE1,1014.72,-1278.67,10,5
UE1,584.868,-1694.64,10,5
UE1,1440.13,-1842.51,10,5
UE1,1246.99,-1397.45,10,5
UE1,822.889,-1918.82,10,5
UE1,1398.94,-1302.44,10,5
UE1,1612.24,-1570.08,10,5
UE1,1264.94,-1432.2,10,5
UE1,764.484,-1804.4,10,5
UE1,1187.57,-1572.92,10,5
UE1,1384.71,-1394.47,10,5
UE1,1170.33,-2144.07,10,5
UE1,953.84,-1228.87,10,5
UE1,1375.59,-2045.7,10,5
UE1,1139.34,-1822.28,10,5
UE1,1223.87,-1695.45,10,5
UE1,719.109,-1588.27,10,5
UE1,1363.3,-1857.28,10,5
UE1,1196.65,-1644.58,10,5
UE1,739.719,-1865.69,10,5
UE1,626.588,-1750.52,10,5
UE1,1376.74,-1281.4,10,5
UE1,802.975,-1658.61,10,5
UE1,1082.58,-1800.9,10,5
UE1,982.488,-2112.95,10,5
UE1,1433.16,-1210.94,10,5
UE1,1309.89,-1102.08,10,5
UE1,946.968,-1986.67,10,5
UE1,745.088,-1381.36,10,5
UE1,1024.42,-1369.7,10,5
UE1,973.299,-1837.85,10,5
UE1,1083.86,-1378.47,10,5
UE1,953.373,-1770.8,10,5
UE1,686.298,-1765.26,10,5
UE1,1203.28,-1407.89,10,5
UE1,1356.76,-1194.88,10,5
UE1,1329.64,-1823.59,10,5
UE1,1033.28,-1247.17,10,5
UE1,1031.87,-1639.13,10,5
UE1,793.61,-1644.18,10,5
UE1,1283.59,-2038.83,10,5
UE1,1119.17,-1594.69,10,5
UE1,630.019,-1818.54,10,5
UE1,527.81,-1597.17,10,5
UE1,887.606,-1140.79,10,5
UE1,1390.54,-1117.11,10,5
UE1,1473.03,-1620.01,10,5
UE1,1368.78,-1241.22,10,5
UE1,651.212,-1799.88,10,5
UE1,1221.49,-1130.28,10,5
UE1,1326.15,-1876.74,10,5
UE1,617.983,-1476.08,10,5
UE1,-333.161,-1768.09,10,5
UE1,-111.038,-1319.69,10,5
UE1,-399.249,-1944.72,10,5
UE1,-20.8017,-1636.7,10,5
UE1,429.499,-2080.73,10,5
UE1,163.493,-1802.98,10,5
UE1,-46.1781,-2233.9,10,5
UE1,-416.298,-1578.66,10,5
UE1,14.7631,-1711.65,10,5
UE1,-346.068,-1903.06,10,5
UE1,117.802,-2096.44,10,5
UE1,344.96,-1617.84,10,5
UE1,338.427,-1289.42,10,5
UE1,408.773,-1822.8,10,5
UE1,571.72,-1813.42,10,5
UE1,499.936,-1743.45,10,5
UE1,67.8735,-1397.18,10,5
UE1,520.915,-1407.53,10,5
UE1,197.849,-1323.89,10,5
UE1,226.939,-1819.83,10,5
UE1,184.986,-1227.84,10,5
UE1,521.144,-1360.16,10,5
UE1,-244.556,-1989.62,10,5
UE1,134.403,-1888.38,10,5
UE1,-187.907,-1903.7,10,5
UE1,162.507,-2055.58,10,5
UE1,166.711,-2246.3,10,5
UE1,-416.808,-1939.57,10,5
UE1,-269.108,-1911.05,10,5
UE1,68.7228,-1295.83,10,5
UE1,164.624,-1438.99,10,5
UE1,488.889,-1641.25,10,5
UE1,-92.9402,-1810.21,10,5
UE1,-89.5369,-1246.97,10,5
UE1,-72.6937,-1919.33,10,5
UE1,438.146,-2133.67,10,5
UE1,647.959,-1866.62,10,5
UE1,199.882,-2142.36,10,5
UE1,-323.509,-1833.36,10,5
UE1,-22.1333,-1892.69,10,5
UE1,428.154,-1908.61,10,5
UE1,-377.235,-1663.55,10,5
UE1,77.9289,-1600.47,10,5
UE1,-271.009,-2105.09,10,5
UE1,-409.951,-1915.76,10,5
UE1,-307.677,-1417.28,10,5
UE1,336.943,-1427.65,10,5
UE1,100.29,-1234.46,10,5
UE1,-299.805,-1887.96,10,5
UE1,-159.707,-1706.68,10,5
UE1,130.341,-2061.19,10,5
UE1,555.274,-1542.22,10,5
UE1,-136.95,-1244.71,10,5
UE1,-30.3566,-1200.05,10,5
UE1,-390.441,-1447.5,10,5
UE1,432.678,-1728.41,10,5
UE1,-182.79,-1438,10,5
UE1,557.828,-1648.39,10,5
UE1,-363.751,-1785.52,10,5
UE1,-65.5307,-1724.16,10,5
UE1,-430.431,-1864.59,10,5
UE1,382.745,-2103.66,10,5
UE1,9.03403,-1560.55,10,5
UE1,-331.448,-1384.56,10,5
UE1,-192.007,-2179.91,10,5
UE1,410.517,-1511.21,10,5
UE1,117.372,-1495.78,10,5
UE1,353.453,-1373.09,10,5
UE1,479.772,-1719.95,10,5
UE1,-233.497,-1548.77,10,5
UE1,-172.941,-1463.11,10,5
UE1,115.961,-2221.42,10,5
UE1,505.798,-2026.9,10,5
UE1,-209.956,-1509.15,10,5
UE1,-404.531,-1498.5,10,5
UE1,-471.964,-1721.16,10,5
UE1,220.396,-2040.57,10,5
UE1,-17.8429,-1902,10,5
UE1,-29.785,-1681.95,10,5
UE1,288.098,-1681.27,10,5
UE1,288.675,-1797.62,10,5
UE1,-136.605,-1778.93,10,5
UE1,7.83195,-1250.99,10,5
UE1,68.9636,-2025.18,10,5
UE1,260.096,-1557.99,10,5
UE1,-29.1114,-2110.48,10,5
UE1,-244.569,-1906,10,5
UE1,78.595,-1323.16,10,5
UE1,139.081,-1253.28,10,5
UE1,473.027,-2007.93,10,5
UE1,-231.303,-1873.88,10,5
UE1,-117.977,-2001.94,10,5
UE1,93.9299,-2039.6,10,5
UE1,-159.199,-1747.2,10,5
UE1,-171.807,-1389.36,10,5
UE1,-25.2922,-1431.18,10,5
UE1,-141.589,-2196.77,10,5
UE1,-458.201,-1626.88,10,5
UE1,-156.781,-1787.02,10,5
UE1,137.848,-1251.79,10,5
UE1,-1286.01,-1379.55,10,5
UE1,-607.833,-1420.62,10,5
UE1,-1020.74,-1147.19,10,5
UE1,-1008.02,-2141.02,10,5
UE1,-500.713,-1505.68,10,5
UE1,-878.329,-1165.88,10,5
UE1,-1116.65,-1978.71,10,5
UE1,-424.723,-1254.89,10,5
UE1,-461.941,-1880.85,10,5
UE1,-712.548,-1906.29,10,5
UE1,-919.372,-1943.84,10,5
UE1,-1369.03,-1888.64,10,5
UE1,-333.463,-1469.27,10,5
UE1,-664.99,-1740.43,10,5
UE1,-629.155,-1781.73,10,5
UE1,-1100.35,-1838.6,10,5
UE1,-444.096,-1815.44,10,5
UE1,-1058.01,-1803.72,10,5
UE1,-1136.94,-1364.93,10,5
UE1,-695.976,-1271.06,10,5
UE1,-735.044,-1936.03,10,5
UE1,-489.86,-1664.15,10,5
UE1,-727.413,-1572.95,10,5
UE1,-1416.01,-1439.12,10,5
UE1,-699.924,-1842.36,10,5
UE1,-1033.54,-1180.28,10,5
UE1,-1190.95,-2044.2,10,5
UE1,-1334.27,-1755.4,10,5
UE1,-661.9,-1918.23,10,5
UE1,-487.33,-1897.28,10,5
UE1,-860.254,-2014.3,10,5
UE1,-444.675,-1405.08,10,5
UE1,-894.653,-1110.86,10,5
UE1,-497.367,-1847.04,10,5
UE1,-735.106,-1539.73,10,5
UE1,-377.44,-1407.67,10,5
UE1,-980.121,-1588.47,10,5
UE1,-1124.71,-1260.39,10,5
UE1,-468.746,-1284.13,10,5
UE1,-1405.48,-1384.67,10,5
UE1,-460.337,-1331.02,10,5
UE1,-1365.81,-1713.08,10,5
UE1,-997.272,-1727.8,10,5
UE1,-1248.55,-1431.63,10,5
UE1,-1195.49,-1703.27,10,5
UE1,-834.897,-1276.29,10,5
UE1,-685.136,-1835.64,10,5
UE1,-688.522,-1599.8,10,5
UE1,-334.391,-1611.02,10,5
UE1,-882.462,-1726.6,10,5
UE1,-369.284,-1665.68,10,5
UE1,-532.127,-1776.15,10,5
UE1,-728.416,-1854.32,10,5
UE1,-328.395,-1665.71,10,5
UE1,-553.421,-1418.53,10,5
UE1,-699.497,-1743.43,10,5
UE1,-687.375,-1270.89,10,5
UE1,-446.326,-1870.69,10,5
UE1,-1217.52,-1642.02,10,5
UE1,-914.83,-1439.68,10,5
UE1,-1074.61,-1958.92,10,5
UE1,-1201.85,-1320.47,10,5
UE1,-771.811,-1934.22,10,5
UE1,-1197.1,-2002.23,10,5
UE1,-965.329,-1241.44,10,5
UE1,-711.631,-1837.49,10,5
UE1,-733.032,-1110.52,10,5
UE1,-894.894,-1706.12,10,5
UE1,-415.398,-1457.62,10,5
UE1,-682.125,-1625.95,10,5
UE1,-517.949,-1200.31,10,5
UE1,-962.102,-1291.72,10,5
UE1,-957.498,-1347.15,10,5
UE1,-451.402,-1300.39,10,5
UE1,-1223.54,-1692.84,10,5
UE1,-670.729,-1760.49,10,5
UE1,-650.848,-1794.7,10,5
UE1,-884.286,-2073.06,10,5
UE1,-1068.55,-1906.1,10,5
UE1,-1441.92,-1533.16,10,5
UE1,-799.27,-1915.74,10,5
UE1,-759.492,-1033.25,10,5
UE1,-432.188,-1259.01,10,5
UE1,-665.159,-1552.72,10,5
UE1,-906.299,-1632.35,10,5
UE1,-950.529,-1085.9,10,5
UE1,-580.872,-1904.66,10,5
UE1,-679.398,-1471.71,10,5
UE1,-862.619,-1840.16,10,5
UE1,-563.495,-1617.7,10,5
UE1,-1386.9,-1794.1,10,5
UE1,-1263.57,-1654.85,10,5
UE1,-727.843,-1335.26,10,5
UE1,-531.928,-1203.8,10,5
UE1,-1102.9,-1990.58,10,5
UE1,-810.285,-1979.25,10,5
UE1,-339.371,-1785.06,10,5
UE1,-1003.89,-1557.44,10,5
UE1,-506.756,-1734.28,10,5
UE1,-732.755,-1172.19,10,5
UE1,-1932.51,-860.186,10,5
UE1,-1642.01,-1117.35,10,5
UE1,-1207.13,-600.409,10,5
UE1,-1802.52,-498.755,10,5
UE1,-1635.97,-1142.13,10,5
UE1,-1013.19,-1068.24,10,5
UE1,-1774.12,-495.709,10,5
UE1,-1641.43,-644.578,10,5
UE1,-1084.46,-700.369,10,5
UE1,-1238.34,-408.785,10,5
UE1,-1597.22,-661.261,10,5
UE1,-990.302,-865.277,10,5
UE1,-1505.66,-1139.95,10,5
UE1,-1257.12,-668.144,10,5
UE1,-1356.34,-934.117,10,5
UE1,-1707.15,-952.872,10,5
UE1,-1192.04,-935.318,10,5
UE1,-1050.48,-1194.72,10,5
UE1,-1725.78,-732.44,10,5
UE1,-1593.25,-918.229,10,5
UE1,-1218.99,-1119.44,10,5
UE1,-1160.49,-827.387,10,5
UE1,-1125.78,-572.561,10,5
UE1,-1591.61,-650.591,10,5
UE1,-1432.18,-1198.14,10,5
UE1,-1622.36,-891.622,10,5
UE1,-1585.28,-1161.53,10,5
UE1,-1369.76,-1124.34,10,5
UE1,-896.654,-730.292,10,5
UE1,-1946.45,-836.222,10,5
UE1,-1235.37,-808.858,10,5
UE1,-1159.41,-298.042,10,5
UE1,-1502.05,-691.964,10,5
UE1,-1094.16,-1179.77,10,5
UE1,-1544.81,-377.768,10,5
UE1,-1222.17,-731.018,10,5
UE1,-856.888,-761.265,10,5
UE1,-1538.87,-629.06,10,5
UE1,-1762.39,-380.354,10,5
UE1,-1372.62,-573.944,10,5
UE1,-1714.62,-330.847,10,5
UE1,-1447.63,-654.665,10,5
UE1,-1511.4,-654.998,10,5
UE1,-1755.81,-639.078,10,5
UE1,-955.141,-1072.07,10,5
UE1,-1220.36,-264.577,10,5
UE1,-1135.89,-582.634,10,5
UE1,-1485.13,-1150.42,10,5
UE1,-1755.14,-463.057,10,5
UE1,-1666.45,-347.995,10,5
UE1,-1112.09,-626.204,10,5
UE1,-1375.33,-894.839,10,5
UE1,-1554.96,-557.072,10,5
UE1,-1147.11,-366.765,10,5
UE1,-1111.09,-889.939,10,5
UE1,-1304.44,-1039.8,10,5
UE1,-1326.97,-614.849,10,5
UE1,-1594.96,-383.553,10,5
UE1,-1128.47,-356.749,10,5
UE1,-1334.03,-857.097,10,5
UE1,-1449.68,-899.585,10,5
UE1,-967.819,-1000.99,10,5
UE1,-1825.51,-516.351,10,5
UE1,-1526.84,-255.017,10,5
UE1,-1386.57,-309.997,10,5
UE1,-1740.11,-708.828,10,5
UE1,-1127.1,-819.428,10,5
UE1,-1635.82,-515.908,10,5
UE1,-1826.3,-646.474,10,5
UE1,-1067.62,-735.872,10,5
UE1,-1076.68,-1149,10,5
UE1,-1465.39,-832.222,10,5
UE1,-922.315,-1031.09,10,5
UE1,-1579.14,-786.785,10,5
UE1,-1425.67,-1125.52,10,5
UE1,-1147.38,-477.446,10,5
UE1,-1552.44,-729.224,10,5
UE1,-1566.92,-238.712,10,5
UE1,-1565.7,-1174.29,10,5
UE1,-1703.25,-1245.64,10,5
UE1,-1342.96,-560.133,10,5
UE1,-1404.73,-534.593,10,5
UE1,-1827.42,-561.83,10,5
UE1,-1955.47,-631.475,10,5
UE1,-1119.81,-511.563,10,5
UE1,-1522.3,-198.007,10,5
UE1,-1602.17,-224.383,10,5
UE1,-1157.52,-769.381,10,5
UE1,-1037.77,-904.751,10,5
UE1,-1552.92,-295.215,10,5
UE1,-1098.26,-931.421,10,5
UE1,-1262.51,-443.046,10,5
UE1,-1812.84,-675.194,10,5
UE1,-1441.34,-526.207,10,5
UE1,-887.585,-635.967,10,5
UE1,-1208.41,-601.943,10,5
UE1,-1127.14,-620.721,10,5
UE1,-1717.15,-473.876,10,5
UE1,-955.891,-994.548,10,5
UE1,-1505.97,-685.49,10,5
UE1,-1744.39,-324.967,10,5
UE1,-2152.91,14.5835,10,5
UE1,-1939.58,434.994,10,5
UE1,-2314.8,-43.6402,10,5
UE1,-1932.79,13.1775,10,5
UE1,-1823.56,-71.6757,10,5
UE1,-1686.02,531.637,10,5
UE1,-1656.93,86.1565,10,5
UE1,-1842.47,179.771,10,5
UE1,-2287.48,-196.142,10,5
UE1,-2314.77,-164.138,10,5
UE1,-2290.63,502.63,10,5
UE1,-2387.96,-129.41,10,5
UE1,-2278.94,-242.164,10,5
UE1,-1989.66,317.194,10,5
UE1,-2118.2,-35.7887,10,5
UE1,-1929.59,-134.12,10,5
UE1,-1942.59,117.975,10,5
UE1,-2431.73,-113.093,10,5
UE1,-2280.55,196.037,10,5
UE1,-1913.27,-272.72,10,5
UE1,-2508.71,115.245,10,5
UE1,-1905.5,453.681,10,5
UE1,-1862.01,386.77,10,5
UE1,-2390.97,-230.883,10,5
UE1,-1773.63,-112.776,10,5
UE1,-2097.1,288.383,10,5
UE1,-1597.11,462.473,10,5
UE1,-1554.14,-253.896,10,5
UE1,-2185.54,94.5835,10,5
UE1,-1834.83,28.7758,10,5
UE1,-2018.42,541.869,10,5
UE1,-1703.97,368.854,10,5
UE1,-1922.59,-432.524,10,5
UE1,-1971.15,300.631,10,5
UE1,-1865.65,98.934,10,5
UE1,-2386.63,30.4122,10,5
UE1,-1466.45,-43.5552,10,5
UE1,-1730.17,145.643,10,5
UE1,-1588.84,340.25,10,5
UE1,-1380.93,0.860431,10,5
UE1,-1794.24,-238.407,10,5
UE1,-1871.29,609.659,10,5
UE1,-1915.52,247.498,10,5
UE1,-2041.48,-422.601,10,5
UE1,-2079.16,512.351,10,5
UE1,-2002.47,-382.08,10,5
UE1,-2456.03,246.426,10,5
UE1,-1712.79,141.669,10,5
UE1,-2246,-96.9962,10,5
UE1,-2319.31,339.348,10,5
UE1,-2278.23,488.491,10,5
UE1,-1894.71,369.885,10,5
UE1,-2154.69,-186.519,10,5
UE1,-2451.42,48.1708,10,5
UE1,-1576.67,-93.7139,10,5
UE1,-1997.79,-457.497,10,5
UE1,-1746.71,-479.067,10,5
UE1,-1958.97,-51.0159,10,5
UE1,-1618.27,251.428,10,5
UE1,-2024.21,-300.01,10,5
UE1,-1739.57,370.627,10,5
UE1,-1537.25,-111.58,10,5
UE1,-1960.92,62.1937,10,5
UE1,-1793.08,-475.343,10,5
UE1,-2061.98,275.167,10,5
UE1,-2396.6,-117.509,10,5
UE1,-1523.3,320.057,10,5
UE1,-1461.97,28.093,10,5
UE1,-1581.48,208.959,10,5
UE1,-2003.38,57.0353,10,5
UE1,-1692.56,15.6937,10,5
UE1,-1853.56,-454.943,10,5
UE1,-1754.03,414.294,10,5
UE1,-1829.79,-217.297,10,5
UE1,-1532.53,6.2737,10,5
UE1,-2095.5,-115.676,10,5
UE1,-1516.16,13.8677,10,5
UE1,-1977.83,-274.582,10,5
UE1,-2325.02,-152.499,10,5
UE1,-1832.31,581.74,10,5
UE1,-2030.69,-452.819,10,5
UE1,-2422.54,-178.858,10,5
UE1,-2366.48,-84.7734,10,5
UE1,-2389.93,-70.7784,10,5
UE1,-1890.1,72.564,10,5
UE1,-2035.62,-31.2544,10,5
UE1,-1888.34,408.681,10,5
UE1,-1781.39,-269.686,10,5
UE1,-1538.35,-160.621,10,5
UE1,-2278.17,-396.495,10,5
UE1,-1832.74,331.924,10,5
UE1,-1725.45,124.051,10,5
UE1,-1617.2,-338.827,10,5
UE1,-2336.3,77.0082,10,5
UE1,-2171.94,479.479,10,5
UE1,-2024.42,156.209,10,5
UE1,-2497.7,138.419,10,5
UE1,-1894.96,-17.8257,10,5
UE1,-2318.94,95.7948,10,5
UE1,-1595.87,550.152,10,5
UE1,-973.675,963.045,10,5
UE1,-955.906,1025.74,10,5
UE1,-1688.67,865.791,10,5
UE1,-984.49,787.433,10,5
UE1,-1858.14,1135.42,10,5
UE1,-1699.05,1327.76,10,5
UE1,-1486.81,1328.16,10,5
UE1,-1765.2,587.195,10,5
UE1,-1441.1,707.193,10,5
UE1,-1835.19,771.604,10,5
UE1,-1352.14,904.642,10,5
UE1,-910.714,828.676,10,5
UE1,-1756.06,747.549,10,5
UE1,-1198.68,864.388,10,5
UE1,-962.166,1020.17,10,5
UE1,-1573.81,827.441,10,5
UE1,-1412.38,1307.84,10,5
UE1,-1329.34,370.383,10,5
UE1,-1165.11,428.599,10,5
UE1,-1498.19,1134.69,10,5
UE1,-1810.4,641.127,10,5
UE1,-1082.41,1290.53,10,5
UE1,-1581.02,1333.23,10,5
UE1,-1489.99,876.637,10,5
UE1,-1375.29,809.506,10,5
UE1,-1851.54,531.278,10,5
UE1,-967.779,935.086,10,5
UE1,-1613.97,479.386,10,5
UE1,-933.054,867.316,10,5
UE1,-1442.89,735.508,10,5
UE1,-1547.81,1109.3,10,5
UE1,-1131.81,1211.6,10,5
UE1,-1140.15,379.947,10,5
UE1,-1652.27,1263.44,10,5
UE1,-1644.73,469.695,10,5
UE1,-1170.68,703.748,10,5
UE1,-1432.69,992.287,10,5
UE1,-1049.81,1129.35,10,5
UE1,-1263.93,449.033,10,5
UE1,-1755.07,567.723,10,5
UE1,-1629.68,719.395,10,5
UE1,-1823.17,688.671,10,5
UE1,-1310.97,601.855,10,5
UE1,-1226.12,1350.73,10,5
UE1,-952.25,558.642,10,5
UE1,-1225.37,647.649,10,5
UE1,-1382.63,892.372,10,5
UE1,-1145.87,359.775,10,5
UE1,-1199.69,754.738,10,5
UE1,-1710.11,545.308,10,5
UE1,-1263.9,468.101,10,5
UE1,-1324.15,714.424,10,5
UE1,-1886.29,584.126,10,5
UE1,-1561.84,542.016,10,5
UE1,-1715.9,844.561,10,5
UE1,-1222.52,886.141,10,5
UE1,-1845.58,851.607,10,5
UE1,-1467.76,549.798,10,5
UE1,-1181.47,361.262,10,5
UE1,-1038.99,1190.44,10,5
UE1,-1190.11,337.2,10,5
UE1,-859.409,729.76,10,5
UE1,-897.909,799.647,10,5
UE1,-925.748,600.545,10,5
UE1,-998.462,734.832,10,5
UE1,-1905.36,906.624,10,5
UE1,-1123.36,1024.39,10,5
UE1,-1145.08,472.623,10,5
UE1,-1396.3,1281.48,10,5
UE1,-930.601,1027.17,10,5
UE1,-1347.3,722.835,10,5
UE1,-1200.34,613.201,10,5
UE1,-1657.22,505.577,10,5
UE1,-1682.37,582.584,10,5
UE1,-1901.81,894.269,10,5
UE1,-1291.63,1160.93,10,5
UE1,-1450.74,643.794,10,5
UE1,-1415.36,1346.7,10,5
UE1,-1182.46,776.386,10,5
UE1,-1847.94,547.228,10,5
UE1,-1435.41,698.452,10,5
UE1,-1719.78,453.941,10,5
UE1,-1734.51,1098.9,10,5
UE1,-1861.69,952.833,10,5
UE1,-989.699,893.678,10,5
UE1,-1838.3,1159.46,10,5
UE1,-1652.9,701.579,10,5
UE1,-1223.06,1085.01,10,5
UE1,-1130.53,441.218,10,5
UE1,-1478.03,540.266,10,5
UE1,-1954.21,835.438,10,5
UE1,-1587.81,659.432,10,5
UE1,-899.502,1063.39,10,5
UE1,-893.146,600.082,10,5
UE1,-1018.37,1020.55,10,5
UE1,-1012.04,539.816,10,5
UE1,-1732.75,597.449,10,5
UE1,-1456.6,834.151,10,5
UE1,-1270.87,886.789,10,5
UE1,-1451.2,2226.3,10,5
UE1,-1387.29,1834.81,10,5
UE1,-1161.1,1507.81,10,5
UE1,-1484.22,1713.89,10,5
UE1,-975.511,1766.7,10,5
UE1,-1362.34,1715.11,10,5
UE1,-809.887,1771.36,10,5
UE1,-1044.69,1812.14,10,5
UE1,-638.738,1532.85,10,5
UE1,-893.232,1396.49,10,5
UE1,-1566.18,1658.97,10,5
UE1,-1571.21,1539.14,10,5
UE1,-1456.16,1700.25,10,5
UE1,-1328.21,1628.59,10,5
UE1,-1277.99,2089.1,10,5
UE1,-1205.3,2168.9,10,5
UE1,-1627.96,1876.59,10,5
UE1,-1122.01,1458.01,10,5
UE1,-1074.54,1426,10,5
UE1,-1710.01,1764.92,10,5
UE1,-1689.57,1982,10,5
UE1,-821.331,1579.57,10,5
UE1,-1279.29,1776.84,10,5
UE1,-1521.38,1649.28,10,5
UE1,-823.152,1777.09,10,5
UE1,-811.211,1502.24,10,5
UE1,-943.621,1392.8,10,5
UE1,-901.08,1918.76,10,5
UE1,-1297.2,1252.58,10,5
UE1,-1201.84,1722.93,10,5
UE1,-852.016,2071.24,10,5
UE1,-1503.57,1418.98,10,5
UE1,-1450.51,1966.59,10,5
UE1,-1124.79,1473.26,10,5
UE1,-1288.29,1434.53,10,5
UE1,-989.526,1754.91,10,5
UE1,-1211.89,2284.8,10,5
UE1,-1618.28,1535.68,10,5
UE1,-1006.3,1731.13,10,5
UE1,-1068,1737.16,10,5
UE1,-1742.25,1747,10,5
UE1,-1466.29,1534.1,10,5
UE1,-1616.19,1919.12,10,5
UE1,-1245.63,1508.53,10,5
UE1,-1340.5,1873.85,10,5
UE1,-926.182,2037.25,10,5
UE1,-870.912,1320.12,10,5
UE1,-937.89,1854.58,10,5
UE1,-913.134,2181.98,10,5
UE1,-1656.2,1963.44,10,5
UE1,-935.822,2017.7,10,5
UE1,-821.796,1659.07,10,5
UE1,-1563.77,1898.19,10,5
UE1,-833.575,1877.45,10,5
UE1,-1305.01,1583.82,10,5
UE1,-1382.38,1737.51,10,5
UE1,-1031.21,1758.72,10,5
UE1,-1569.38,1804.38,10,5
UE1,-1161.53,1481.22,10,5
UE1,-1342.7,1572.9,10,5
UE1,-1387.95,2174.6,10,5
UE1,-1328.58,1525.97,10,5
UE1,-1670.08,1653.06,10,5
UE1,-1585.3,1973.21,10,5
UE1,-1614.75,1415.99,10,5
UE1,-1656.6,1573.72,10,5
UE1,-1281.33,2120.74,10,5
UE1,-863.322,2086.73,10,5
UE1,-937.752,1810.68,10,5
UE1,-925.861,2121.08,10,5
UE1,-1336.13,2152.5,10,5
UE1,-1053.55,1400.97,10,5
UE1,-1244.27,1419.51,10,5
UE1,-1006.87,1356.36,10,5
UE1,-1539.52,1850.13,10,5
UE1,-1548.52,1371.59,10,5
UE1,-1084.28,1996.95,10,5
UE1,-735.601,1517.32,10,5
UE1,-844.355,1701.54,10,5
UE1,-1547.35,1966.73,10,5
UE1,-930.271,2219.29,10,5
UE1,-1365.29,2064.04,10,5
UE1,-1569.05,1784.69,10,5
UE1,-1007.79,2098.77,10,5
UE1,-1344.31,1420.17,10,5
UE1,-1076.86,2275.86,10,5
UE1,-1079.11,1706.79,10,5
UE1,-1393.57,2151.05,10,5
UE1,-1260.01,1920.83,10,5
UE1,-979.076,2173.11,10,5
UE1,-1631.92,1461.04,10,5
UE1,-1689.94,1680.84,10,5
UE1,-833.039,1877.95,10,5
UE1,-1325.87,1719.77,10,5
UE1,-1054.67,1183.65,10,5
UE1,-1509.48,1254.04,10,5
UE1,-843.468,1256.38,10,5
UE1,-1476.98,1859.44,10,5
UE1,-1604.25,1873.55,10,5
UE1,-1063.86,1561.88,10,5
UE1,-318.49,1373.23,10,5
UE1,-576.833,1486.58,10,5
UE1,25.16,1843.58,10,5
UE1,-412.678,1319.23,10,5
UE1,331.373,1414.25,10,5
UE1,185.649,1914.65,10,5
UE1,-51.7149,1111.28,10,5
UE1,-220.867,2003.31,10,5
UE1,77.9966,1492.62,10,5
UE1,-325.914,1861.76,10,5
UE1,-607.017,1709.63,10,5
UE1,200.663,1479.71,10,5
UE1,423.005,1483.43,10,5
UE1,-173.787,1715.29,10,5
UE1,45.6867,1264.47,10,5
UE1,-441.878,1793,10,5
UE1,445.433,1429.66,10,5
UE1,-99.2709,1841.82,10,5
UE1,282.002,2065.24,10,5
UE1,-61.9239,1535.55,10,5
UE1,-546.203,1370.79,10,5
UE1,-411.556,1747.67,10,5
UE1,89.1228,1184.12,10,5
UE1,-56.8959,1186.29,10,5
UE1,119.445,1567.54,10,5
UE1,285.659,1605.25,10,5
UE1,456.857,1597.73,10,5
UE1,-62.8949,1104.74,10,5
UE1,-85.4697,1422.94,10,5
UE1,332.433,1559.56,10,5
UE1,-219.719,1319.2,10,5
UE1,371.803,1627.38,10,5
UE1,-320.905,1826.04,10,5
UE1,-152.682,1243.44,10,5
UE1,167.079,1982.76,10,5
UE1,-508.853,1409.78,10,5
UE1,-178.287,1732.71,10,5
UE1,143.098,1787.69,10,5
UE1,120.73,1171.97,10,5
UE1,277.293,1316.4,10,5
UE1,449.582,1623.32,10,5
UE1,218.946,2142.09,10,5
UE1,-113.327,1108.68,10,5
UE1,241.909,1420.38,10,5
UE1,376.683,1935.17,10,5
UE1,411.36,1778.36,10,5
UE1,-92.3539,1752.53,10,5
UE1,-462.453,1940.95,10,5
UE1,-119.06,1858.67,10,5
UE1,18.9096,2021.97,10,5
UE1,-452.346,1304.32,10,5
UE1,-39.4643,1726.46,10,5
UE1,59.9211,1416.38,10,5
UE1,2.35757,2116.53,10,5
UE1,76.5718,1748.02,10,5
UE1,-200.433,1755.93,10,5
UE1,328.652,1538.98,10,5
UE1,383.598,1779.19,10,5
UE1,-631.1,1768.32,10,5
UE1,88.4256,2054.53,10,5
UE1,0.206526,1401.22,10,5
UE1,-153.958,1790.11,10,5
UE1,-76.596,2152.73,10,5
UE1,-120.088,1243.1,10,5
UE1,248.81,1208.82,10,5
UE1,295.312,1539.73,10,5
UE1,-102.765,1470.98,10,5
UE1,-516.701,1683.26,10,5
UE1,-365.32,2056.79,10,5
UE1,1.06953,2028.66,10,5
UE1,86.7289,1244.33,10,5
UE1,-587.612,1667.05,10,5
UE1,148,2014.9,10,5
UE1,-526.331,1769.83,10,5
UE1,-541.311,1729.76,10,5
UE1,42.5782,1935.9,10,5
UE1,197.05,1356.59,10,5
UE1,-189.529,1825.7,10,5
UE1,-73.2273,1820.12,10,5
UE1,-190.981,1523.5,10,5
UE1,358.882,1713.83,10,5
UE1,-543.008,1463.8,10,5
UE1,-122.262,1529.87,10,5
UE1,-138.356,1778.99,10,5
UE1,-35.0539,1241.23,10,5
UE1,-518.615,1714.29,10,5
UE1,280.992,2100.05,10,5
UE1,-260.622,1920.32,10,5
UE1,-598.446,1608.77,10,5
UE1,430.153,1400.97,10,5
UE1,-263.861,1715.05,10,5
UE1,-118.084,1985.62,10,5
UE1,-411.526,1352.92,10,5
UE1,-578.052,1862.74,10,5
UE1,-147.647,1508.73,10,5
UE1,379.499,1515.27,10,5
UE1,-268.693,1289.94,10,5
UE1,-425.111,1754.74,10,5
UE1,-540.685,1439.13,10,5
UE1,-387.523,1802.16,10,5
UE1,904.017,1253.61,10,5
UE1,1332.16,1827.09,10,5
UE1,571.852,1872.91,10,5
UE1,1000.81,1160.38,10,5
UE1,1114.11,1320.34,10,5
UE1,861.472,1925.67,10,5
UE1,861.491,2183.98,10,5
UE1,726.937,1819.38,10,5
UE1,843.599,1519.3,10,5
UE1,880.041,1422.41,10,5
UE1,626.39,1770.94,10,5
UE1,1330.55,1300.08,10,5
UE1,738.778,1416.9,10,5
UE1,940.955,1190.47,10,5
UE1,654.275,1228.21,10,5
UE1,1072.55,1291.96,10,5
UE1,1416.41,1813.95,10,5
UE1,1241.66,1816.32,10,5
UE1,432.484,1875.45,10,5
UE1,1124.73,1823.6,10,5
UE1,863.525,1979.44,10,5
UE1,507.957,1483.68,10,5
UE1,580.767,2068.9,10,5
UE1,903.232,1555.53,10,5
UE1,1291.5,1526.46,10,5
UE1,1144.88,1885.86,10,5
UE1,921.68,1521.97,10,5
UE1,939.512,1991.91,10,5
UE1,947.174,2195.91,10,5
UE1,1446.51,1542.89,10,5
UE1,604.042,1201.03,10,5
UE1,735.766,2075.93,10,5
UE1,790.849,1278.91,10,5
UE1,1009.33,1791.52,10,5
UE1,892.093,1926.78,10,5
UE1,586.5,1891.49,10,5
UE1,645.432,1125.18,10,5
UE1,987.303,1651.07,10,5
UE1,1235.27,1223.55,10,5
UE1,1415.39,1737.37,10,5
UE1,867.215,1854.81,10,5
UE1,941.64,1747.02,10,5
UE1,1026.14,1984.4,10,5
UE1,531.049,1695.14,10,5
UE1,547.646,1764.2,10,5
UE1,816.838,1769.9,10,5
UE1,910.797,2083.16,10,5
UE1,1074.41,1085.5,10,5
UE1,1459.32,1736.03,10,5
UE1,1188.98,1747.12,10,5
UE1,921.864,2009.56,10,5
UE1,1124.36,1113.78,10,5
UE1,478.723,1949.5,10,5
UE1,1176.22,1512.21,10,5
UE1,637.727,1117.86,10,5
UE1,1401.04,1885.18,10,5
UE1,1095.41,1862.15,10,5
UE1,1243.16,1620.13,10,5
UE1,841.622,1231.1,10,5
UE1,949.294,1391.68,10,5
UE1,1073.79,1520.55,10,5
UE1,899.787,1853.49,10,5
UE1,911.577,1488.8,10,5
UE1,1301.88,1946.15,10,5
UE1,1146.47,1642.24,10,5
UE1,1162.16,1761.28,10,5
UE1,533.416,1221.5,10,5
UE1,948.416,1703.7,10,5
UE1,924.386,1427.83,10,5
UE1,829.066,1994.94,10,5
UE1,1199.91,1802.73,10,5
UE1,696.118,1803.64,10,5
UE1,682.933,1340.08,10,5
UE1,593.273,1462.78,10,5
UE1,1114.03,1347.78,10,5
UE1,409.209,1522.57,10,5
UE1,403.078,1715.97,10,5
UE1,1155.23,1505.22,10,5
UE1,965.872,1521.97,10,5
UE1,1434.45,1680.39,10,5
UE1,943.128,1796.99,10,5
UE1,1317,1956.32,10,5
UE1,1211.66,1605.46,10,5
UE1,1256.49,1261.76,10,5
UE1,725.257,1759.59,10,5
UE1,1040.13,1998.78,10,5
UE1,467.476,1578.86,10,5
UE1,855.821,1396.47,10,5
UE1,1209.27,1556.06,10,5
UE1,389.769,1535.29,10,5
UE1,820.57,1511.82,10,5
UE1,739.34,1517.24,10,5
UE1,1133.15,1272.75,10,5
UE1,643.604,2018.04,10,5
UE1,583.365,1492.91,10,5
UE1,406.583,1521.98,10,5
UE1,459.703,1741.12,10,5
UE1,629.242,1349.55,10,5
UE1,1264.78,1430.55,10,5
UE1,990.795,1934.83,10,5
UE1,1043.8,1373.41,10,5
UE1,1488.85,374.72,10,5
UE1,1353.91,489.077,10,5
UE1,1593.55,686.667,10,5
UE1,845.282,669.317,10,5
UE1,1703.16,496.787,10,5
UE1,954.334,1033.84,10,5
UE1,1230.27,1434.93,10,5
UE1,1403.95,1355.17,10,5
UE1,878.583,556.352,10,5
UE1,1483.92,1249.77,10,5
UE1,1115.2,1179.46,10,5
UE1,1618.09,394.49,10,5
UE1,1414.93,424.238,10,5
UE1,1583.17,1295.91,10,5
UE1,1513.52,1213.8,10,5
UE1,1211.57,312.835,10,5
UE1,1096.39,1223.97,10,5
UE1,1051.95,1010.01,10,5
UE1,1656.59,422.96,10,5
UE1,1796.8,858.829,10,5
UE1,1602.53,646.199,10,5
UE1,1407.23,1084.58,10,5
UE1,1024.87,1106.1,10,5
UE1,1756.81,522.614,10,5
UE1,1318.11,1029.31,10,5
UE1,868.223,829.781,10,5
UE1,967.293,959.88,10,5
UE1,1034.26,767.422,10,5
UE1,1790.27,883.522,10,5
UE1,1533.8,906.59,10,5
UE1,1459.25,1346.74,10,5
UE1,1583.95,1186.57,10,5
UE1,1320.54,1302.42,10,5
UE1,1332.74,694.303,10,5
UE1,811.641,744.027,10,5
UE1,1497.19,545.246,10,5
UE1,1321.72,932.895,10,5
UE1,952.806,601.843,10,5
UE1,964.34,1103.03,10,5
UE1,896.357,654.189,10,5
UE1,1143.32,793.367,10,5
UE1,1328.95,976.657,10,5
UE1,817.151,1018.69,10,5
UE1,1221.23,1255.05,10,5
UE1,984.147,901.781,10,5
UE1,957.434,542.855,10,5
UE1,1775.85,1037.12,10,5
UE1,1364.39,1181.12,10,5
UE1,1094.17,1410.26,10,5
UE1,881.074,1198.73,10,5
UE1,1332.56,598.013,10,5
UE1,1168.16,1424.7,10,5
UE1,1327.71,1418.14,10,5
UE1,864.364,718.306,10,5
UE1,1136.61,1003.75,10,5
UE1,1174.81,1426.78,10,5
UE1,1358.02,1275.61,10,5
UE1,1778.27,880.538,10,5
UE1,1273.85,1180.49,10,5
UE1,1623.97,1255.71,10,5
UE1,879.39,600.375,10,5
UE1,876.731,1056.96,10,5
UE1,837.743,828.592,10,5
UE1,1789.3,681.457,10,5
UE1,1102.97,604.898,10,5
UE1,1130.8,542.922,10,5
UE1,784.369,644.668,10,5
UE1,917.88,1222.36,10,5
UE1,1644.17,432.102,10,5
UE1,1025.02,951.737,10,5
UE1,1751.75,1084.98,10,5
UE1,1366.91,1181.61,10,5
UE1,1323.45,1142.8,10,5
UE1,1707.33,821.042,10,5
UE1,1103.73,867.415,10,5
UE1,1299.45,1052.36,10,5
UE1,1647.4,542.525,10,5
UE1,1280.11,512.046,10,5
UE1,1045.2,1274.32,10,5
UE1,1417.06,1435.66,10,5
UE1,1844.02,928.884,10,5
UE1,937.267,1120.28,10,5
UE1,1612.47,466.146,10,5
UE1,925.409,1180.28,10,5
UE1,1218.15,348.972,10,5
UE1,1798.01,737.389,10,5
UE1,1098.07,745.096,10,5
UE1,1740.16,1161.92,10,5
UE1,1180.27,969.522,10,5
UE1,1042.71,1355.04,10,5
UE1,1463.02,1282.63,10,5
UE1,1453.13,868.353,10,5
UE1,1245.52,1364.91,10,5
UE1,864.173,978.614,10,5
UE1,891.24,1113.92,10,5
UE1,992.43,654.37,10,5
UE1,1272,858.863,10,5
UE1,1676.94,907.418,10,5
UE1,1396.15,518.278,10,5
UE2,-319.553,-253.646,10,5
UE2,1055.51,262.213,10,5
UE2,-166.264,-856.038,10,5
UE2,-590.776,-510.526,10,5
UE2,-944.133,-599.345,10,5
UE2,97.1958,920.376,10,5
UE2,402.31,1180.98,10,5
UE2,1838.99,-71.4765,10,5
UE2,1800.58,-814.356,10,5
UE2,786.808,-2153.05,10,5
UE2,-422.369,-1303.16,10,5
UE2,-1378.13,-1506.62,10,5
UE2,-1519.94,-538.035,10,5
UE2,-2288.32,-176.26,10,5
UE2,-1682.51,895.854,10,5
UE2,-1011.86,1671.66,10,5
UE2,-245.266,2233.77,10,5
UE2,609.417,1505.57,10,5
UE2,1928.21,1103.98,10,5
UE3,-264.859,185.96,10,5
UE3,930.357,276.253,10,5
UE3,947.557,-1067.16,10,5
UE3,-126.638,-786.816,10,5
UE3,-1228.06,-143.633,10,5
UE3,-928.389,1235.11,10,5
UE3,392.806,901.509,10,5
UE3,1837.03,34.4769,10,5
UE3,1285.07,-964.444,10,5
UE3,982.789,-1430.61,10,5
UE3,124.622,-1131.4,10,5
UE3,-1351.22,-1694.45,10,5
UE3,-1141.62,-828.838,10,5
UE3,-2075.64,79.7615,10,5
UE3,-1514.77,947.242,10,5
UE3,-606.127,1921.32,10,5
UE3,261.18,1470.14,10,5
UE3,1099.42,1399.24,10,5
UE3,1405.99,1071.42,10,5
UE4,378.808,-208.901,10,5
UE4,1364.17,8.68175,10,5
UE4,399.143,-411.254,10,5
UE4,-568.162,-319.07,10,5
UE4,-1106.33,424.304,10,5
UE4,-630.574,669.832,10,5
UE4,947.398,523.134,10,5
UE4,2197.87,113.676,10,5
UE4,1288.93,-281.05,10,5
UE4,914.176,-2253.32,10,5
UE4,-195.047,-1353.73,10,5
UE4,-479.525,-1532.63,10,5
UE4,-1438.58,-739.495,10,5
UE4,-2234.19,-127.83,10,5
UE4,-1210.7,728.2,10,5
UE4,-665.882,2047.72,10,5
UE4,278.489,1377.2,10,5
UE4,1303.29,1526.59,10,5
UE4,1190.09,1222.95,10,5
