node,x,y,m1,m2
BS1,0,0,10,5
BS1,0,0,10,5
BS1,0,0,10,5
BS1,999.364,0,10,5
BS1,999.364,0,10,5
BS1,999.364,0,10,5
BS1,499.682,-865.5,10,5
BS1,499.682,-865.5,10,5
BS1,499.682,-865.5,10,5
BS1,-499.682,-865.5,10,5
BS1,-499.682,-865.5,10,5
BS1,-499.682,-865.5,10,5
BS1,-999.364,0,10,5
BS1,-999.364,0,10,5
BS1,-999.364,0,10,5
BS1,-499.682,865.5,10,5
BS1,-499.682,865.5,10,5
BS1,-499.682,865.5,10,5
BS1,499.682,865.5,10,5
BS1,499.682,865.5,10,5
BS1,499.682,865.5,10,5
BS1,1998.73,0,10,5
BS1,1998.73,0,10,5
BS1,1998.73,0,10,5
BS1,1499.05,-865.5,10,5
BS1,1499.05,-865.5,10,5
BS1,1499.05,-865.5,10,5
BS1,999.364,-1731,10,5
BS1,999.364,-1731,10,5
BS1,999.364,-1731,10,5
BS1,0,-1731,10,5
BS1,0,-1731,10,5
BS1,0,-1731,10,5
BS1,-999.364,-1731,10,5
BS1,-999.364,-1731,10,5
BS1,-999.364,-1731,10,5
BS1,-1499.05,-865.5,10,5
BS1,-1499.05,-865.5,10,5
BS1,-1499.05,-865.5,10,5
BS1,-1998.73,0,10,5
BS1,-1998.73,0,10,5
BS1,-1998.73,0,10,5
BS1,-1499.05,865.5,10,5
BS1,-1499.05,865.5,10,5
BS1,-1499.05,865.5,10,5
BS1,-999.364,1731,10,5
BS1,-999.364,1731,10,5
BS1,-999.364,1731,10,5
BS1,0,1731,10,5
BS1,0,1731,10,5
BS1,0,1731,10,5
BS1,999.364,1731,10,5
BS1,999.364,1731,10,5
BS1,999.364,1731,10,5
BS1,1499.05,865.5,10,5
BS1,1499.05,865.5,10,5
BS1,1499.05,865.5,10,5
BS2,197.259,29.0897,10,5
BS2,197.259,29.0897,10,5
BS2,197.259,29.0897,10,5
BS2,914.055,-7.19312,10,5
BS2,914.055,-7.19312,10,5
BS2,914.055,-7.19312,10,5
BS2,506.605,-955.469,10,5
BS2,506.605,-955.469,10,5
BS2,506.605,-955.469,10,5
BS2,-583.148,-799.378,10,5
BS2,-583.148,-799.378,10,5
BS2,-583.148,-799.378,10,5
BS2,-915.307,100.151,10,5
BS2,-915.307,100.151,10,5
BS2,-915.307,100.151,10,5
BS2,-658.57,962.738,10,5
BS2,-658.57,962.738,10,5
BS2,-658.57,962.738,10,5
BS2,401.742,827.846,10,5
BS2,401.742,827.846,10,5
BS2,401.742,827.846,10,5
BS2,2054.21,133.988,10,5
BS2,2054.21,133.988,10,5
BS2,2054.21,133.988,10,5
BS2,1501.25,-896.647,10,5
BS2,1501.25,-896.647,10,5
BS2,1501.25,-896.647,10,5
BS2,902.368,-1571.7,10,5
BS2,902.368,-1571.7,10,5
BS2,902.368,-1571.7,10,5
BS2,-61.6626,-1893.66,10,5
BS2,-61.6626,-1893.66,10,5
BS2,-61.6626,-1893.66,10,5
BS2,-946.618,-1566.84,10,5
BS2,-946.618,-1566.84,10,5
BS2,-946.618,-1566.84,10,5
BS2,-1401.76,-786.659,10,5
BS2,-1401.76,-786.659,10,5
BS2,-1401.76,-786.659,10,5
BS2,-1964.91,-123.114,10,5
BS2,-1964.91,-123.114,10,5
BS2,-1964.91,-123.114,10,5
BS2,-1389.94,931.241,10,5
BS2,-1389.94,931.241,10,5
BS2,-1389.94,931.241,10,5
BS2,-1047.63,1685.66,10,5
BS2,-1047.63,1685.66,10,5
BS2,-1047.63,1685.66,10,5
BS2,-58.9836,1774.1,10,5
BS2,-58.9836,1774.1,10,5
BS2,-58.9836,1774.1,10,5
BS2,977.968,1808.55,10,5
BS2,977.968,1808.55,10,5
BS2,977.968,1808.55,10,5
BS2,1412.95,1007.05,10,5
BS2,1412.95,1007.05,10,5
BS2,1412.95,1007.05,10,5
BS3,-129.882,46.523,10,5
BS3,-129.882,46.523,10,5
BS3,-129.882,46.523,10,5
BS3,1139.38,121.284,10,5
BS3,1139.38,121.284,10,5
BS3,1139.38,121.284,10,5
BS3,408.927,-728.955,10,5
BS3,408.927,-728.955,10,5
BS3,408.927,-728.955,10,5
BS3,-402.02,-757.346,10,5
BS3,-402.02,-757.346,10,5
BS3,-402.02,-757.346,10,5
BS3,-938.443,179.063,10,5
BS3,-938.443,179.063,10,5
BS3,-938.443,179.063,10,5
BS3,-637.223,815.734,10,5
BS3,-637.223,815.734,10,5
BS3,-637.223,815.734,10,5
BS3,508.427,766.369,10,5
BS3,508.427,766.369,10,5
BS3,508.427,766.369,10,5
BS3,1948.2,189.811,10,5
BS3,1948.2,189.811,10,5
BS3,1948.2,189.811,10,5
BS3,1625.3,-872.77,10,5
BS3,1625.3,-872.77,10,5
BS3,1625.3,-872.77,10,5
BS3,889.518,-1592.17,10,5
BS3,889.518,-1592.17,10,5
BS3,889.518,-1592.17,10,5
BS3,46.9028,-1855.55,10,5
BS3,46.9028,-1855.55,10,5
BS3,46.9028,-1855.55,10,5
BS3,-950.587,-1609.7,10,5
BS3,-950.587,-1609.7,10,5
BS3,-950.587,-1609.7,10,5
BS3,-1644.24,-915.163,10,5
BS3,-1644.24,-915.163,10,5
BS3,-1644.24,-915.163,10,5
BS3,-2169.37,-68.507,10,5
BS3,-2169.37,-68.507,10,5
BS3,-2169.37,-68.507,10,5
BS3,-1498.44,676.003,10,5
BS3,-1498.44,676.003,10,5
BS3,-1498.44,676.003,10,5
BS3,-1086.13,1713.59,10,5
BS3,-1086.13,1713.59,10,5
BS3,-1086.13,1713.59,10,5
BS3,-112.57,1845.6,10,5
BS3,-112.57,1845.6,10,5
BS3,-112.57,1845.6,10,5
BS3,1159.19,1786.98,10,5
BS3,1159.19,1786.98,10,5
BS3,1159.19,1786.98,10,5
BS3,1463.65,944.344,10,5
BS3,1463.65,944.344,10,5
BS3,1463.65,944.344,10,5
BS4,1.96781,143.508,10,5
BS4,1.96781,143.508,10,5
BS4,1.96781,143.508,10,5
BS4,1155.83,87.4225,10,5
BS4,1155.83,87.4225,10,5
BS4,1155.83,87.4225,10,5
BS4,674.609,-808.891,10,5
BS4,674.609,-808.891,10,5
BS4,674.609,-808.891,10,5
BS4,-388.722,-828.94,10,5
BS4,-388.722,-828.94,10,5
BS4,-388.722,-828.94,10,5
BS4,-984.455,-37.9184,10,5
BS4,-984.455,-37.9184,10,5
BS4,-984.455,-37.9184,10,5
BS4,-504.281,784.106,10,5
BS4,-504.281,784.106,10,5
BS4,-504.281,784.106,10,5
BS4,566.93,733.549,10,5
BS4,566.93,733.549,10,5
BS4,566.93,733.549,10,5
BS4,1980.29,-15.0573,10,5
BS4,1980.29,-15.0573,10,5
BS4,1980.29,-15.0573,10,5
BS4,1578.47,-877.731,10,5
BS4,1578.47,-877.731,10,5
BS4,1578.47,-877.731,10,5
BS4,882.436,-1819.24,10,5
BS4,882.436,-1819.24,10,5
BS4,882.436,-1819.24,10,5
BS4,118.788,-1725.96,10,5
BS4,118.788,-1725.96,10,5
BS4,118.788,-1725.96,10,5
BS4,-1133.72,-1672.03,10,5
BS4,-1133.72,-1672.03,10,5
BS4,-1133.72,-1672.03,10,5
BS4,-1670.29,-920.148,10,5
BS4,-1670.29,-920.148,10,5
BS4,-1670.29,-920.148,10,5
BS4,-1935.61,141.873,10,5
BS4,-1935.61,141.873,10,5
BS4,-1935.61,141.873,10,5
BS4,-1638.84,843.634,10,5
BS4,-1638.84,843.634,10,5
BS4,-1638.84,843.634,10,5
BS4,-956.172,1560.6,10,5
BS4,-956.172,1560.6,10,5
BS4,-956.172,1560.6,10,5
BS4,185.729,1749.14,10,5
BS4,185.729,1749.14,10,5
BS4,185.729,1749.14,10,5
BS4,953.911,1707.63,10,5
BS4,953.911,1707.63,10,5
BS4,953.911,1707.63,10,5
BS4,1465.2,710.89,10,5
BS4,1465.2,710.89,10,5
BS4,1465.2,710.89,10,5
UE1,-179.102,155.222,10,5
UE1,59.5042,-269.209,10,5
UE1,23.4263,-454.49,10,5
UE1,63.5187,-374.699,10,5
UE1,-303.376,-97.0895,10,5
UE1,-16.7367,-31.2157,10,5
UE1,272.059,304.805,10,5
UE1,-281.062,29.421,10,5
UE1,233.132,-73.7379,10,5
UE1,-70.334,1.36091,10,5
UE1,-257.902,-453.646,10,5
UE1,35.689,-418.503,10,5
UE1,160.293,-561.378,10,5
UE1,117.192,247.134,10,5
UE1,246.836,-645.622,10,5
UE1,400.142,-153.297,10,5
UE1,-281.726,-122.857,10,5
UE1,48.6008,157.302,10,5
UE1,234.488,-22.7412,10,5
UE1,-283.374,-100.019,10,5
UE1,-29.8009,-608.947,10,5
UE1,87.3866,-618.14,10,5
UE1,-63.7762,17.6086,10,5
UE1,-202.052,-180.029,10,5
UE1,340.638,472.307,10,5
UE1,-173.243,-470.015,10,5
UE1,492.208,-142.726,10,5
UE1,255.662,403.609,10,5
UE1,566.907,7.75321,10,5
UE1,672.211,44.9474,10,5
UE1,-402.444,-32.7491,10,5
UE1,205.902,-80.4821,10,5
UE1,-86.2971,-270.394,10,5
UE1,284.483,396.745,10,5
UE1,-67.5513,352.192,10,5
UE1,126.913,0.981553,10,5
UE1,119.306,-202.902,10,5
UE1,353.504,-171.276,10,5
UE1,181.937,317.897,10,5
UE1,-174.585,-251.477,10,5
UE1,-88.1166,-12.2268,10,5
UE1,137.064,299.975,10,5
UE1,-221.492,-171.353,10,5
UE1,438.816,266.047,10,5
UE1,413.271,-104.398,10,5
UE1,-112.34,201.376,10,5
UE1,339.008,224.504,10,5
UE1,-330.995,6.27167,10,5
UE1,-67.2814,-491.839,10,5
UE1,-404.602,-20.0052,10,5
UE1,-263.203,213.378,10,5
UE1,346.494,-52.6429,10,5
UE1,550.475,-488.072,10,5
UE1,198.844,115.781,10,5
UE1,-272.926,190.273,10,5
UE1,-332.299,-276.14,10,5
UE1,691.357,-38.7763,10,5
UE1,28.1886,327.3,10,5
UE1,29.5757,283.267,10,5
UE1,395.115,137.212,10,5
UE1,-111.604,-370.728,10,5
UE1,203.02,-590.502,10,5
UE1,340.923,-296.723,10,5
UE1,-210.272,-250.64,10,5
UE1,285.348,-140.296,10,5
UE1,-157.62,-120.061,10,5
UE1,452.892,-392.739,10,5
UE1,-268.247,155.058,10,5
UE1,-294.169,-41.9972,10,5
UE1,488.698,-521.514,10,5
UE1,-181.005,40.9601,10,5
UE1,233.327,-462.523,10,5
UE1,186.137,85.4432,10,5
UE1,593.114,-51.6163,10,5
UE1,-35.9497,-111.518,10,5
UE1,282.251,-274.025,10,5
UE1,-142.524,-393.527,10,5
UE1,551.936,-194.028,10,5
UE1,364.526,-444.316,10,5
UE1,667.783,-60.7139,10,5
UE1,-205.116,-264.11,10,5
UE1,511.158,95.4109,10,5
UE1,538.535,93.1479,10,5
UE1,362.549,308.021,10,5
UE1,225.056,-4.66853,10,5
UE1,-260.221,38.3447,10,5
UE1,-87.0781,35.4461,10,5
UE1,614.59,77.5657,10,5
UE1,112.361,55.9161,10,5
UE1,301.501,435.844,10,5
UE1,211.318,34.773,10,5
UE1,690.964,-86.645,10,5
UE1,-200.284,-500.485,10,5
UE1,46.5297,296.807,10,5
UE1,-144.488,-18.0181,10,5
UE1,198.09,41.812,10,5
UE1,320.384,-345.288,10,5
UE1,-375.985,-25.0086,10,5
UE1,263.77,-535.896,10,5
UE1,-366.181,72.3793,10,5
UE1,1286.44,-383.956,10,5
UE1,813.823,-434.935,10,5
UE1,1014.87,491.514,10,5
UE1,1501.27,77.2104,10,5
UE1,905.865,-378.746,10,5
UE1,1187.39,559.475,10,5
UE1,1507.25,375.538,10,5
UE1,1189.56,340.154,10,5
UE1,1211.93,-167.831,10,5
UE1,1005.42,-221.787,10,5
UE1,1565.83,-39.7252,10,5
UE1,1521.1,-201.155,10,5
UE1,939.563,364.965,10,5
UE1,862.54,420.776,10,5
UE1,1114.02,-404.309,10,5
UE1,812.626,150.421,10,5
UE1,1349.08,-31.5512,10,5
UE1,891.351,-9.56939,10,5
UE1,1542.1,-246.801,10,5
UE1,816.561,-202.231,10,5
UE1,1291.92,514.469,10,5
UE1,848.016,8.81985,10,5
UE1,721.708,-162.11,10,5
UE1,1115.58,-318.262,10,5
UE1,1359.73,-299.461,10,5
UE1,724.582,-227.416,10,5
UE1,1239.49,-400.776,10,5
UE1,1187.42,193.346,10,5
UE1,1585.38,222.47,10,5
UE1,1706.98,-63.002,10,5
UE1,1471.71,249.004,10,5
UE1,1133.26,156.926,10,5
UE1,674.208,12.734,10,5
UE1,958.248,275.451,10,5
UE1,847.429,437.197,10,5
UE1,1607.57,-146.476,10,5
UE1,1240.54,-382.438,10,5
UE1,1495.4,-129.04,10,5
UE1,1368.46,428.523,10,5
UE1,1142.79,-64.2503,10,5
UE1,1459.54,-8.0643,10,5
UE1,1448.84,-437.215,10,5
UE1,1136.59,-164.805,10,5
UE1,1562.88,-352.941,10,5
UE1,1031.46,-511.676,10,5
UE1,737.59,-254.742,10,5
UE1,1089.71,531.984,10,5
UE1,1613.79,-288.606,10,5
UE1,1103.52,-285.801,10,5
UE1,1257.32,120.825,10,5
UE1,1248.02,191.139,10,5
UE1,813.777,-426.521,10,5
UE1,791.146,-167.82,10,5
UE1,1047.44,476.17,10,5
UE1,1305.63,545.692,10,5
UE1,1228.28,-266.747,10,5
UE1,1458.14,360.875,10,5
UE1,1719.92,-72.9204,10,5
UE1,1011.16,-503.925,10,5
UE1,937.211,-258.094,10,5
UE1,1141.16,-257.932,10,5
UE1,1326.51,559.221,10,5
UE1,1358.42,108.414,10,5
UE1,1273.08,-510.193,10,5
UE1,773.675,371.209,10,5
UE1,1459.63,-357.138,10,5
UE1,1558.62,167.989,10,5
UE1,775.465,-189.178,10,5
UE1,1697.38,183.566,10,5
UE1,970.581,201.506,10,5
UE1,1266.8,-215.456,10,5
UE1,632.482,38.9725,10,5
UE1,1213.11,-395.734,10,5
UE1,1309.29,-372.312,10,5
UE1,1024.46,332.844,10,5
UE1,1262.14,-98.9147,10,5
UE1,1095.69,-104.203,10,5
UE1,1668.54,121.729,10,5
UE1,1421.1,466.972,10,5
UE1,763.702,-48.3963,10,5
UE1,1224.49,-351.186,10,5
UE1,1493.54,431.37,10,5
UE1,1494.89,-388.397,10,5
UE1,656.565,118.956,10,5
UE1,736.897,-272.287,10,5
UE1,1335.35,328.239,10,5
UE1,1667.74,-1.15719,10,5
UE1,926.443,423.286,10,5
UE1,1329.18,163.912,10,5
UE1,1291.78,379.592,10,5
UE1,1065.48,-52.9873,10,5
UE1,943.853,-14.4351,10,5
UE1,1509.23,286.691,10,5
UE1,1459.84,-169.019,10,5
UE1,946.839,283.332,10,5
UE1,1324.21,-161.543,10,5
UE1,1212.9,-63.7801,10,5
UE1,1645.95,-115.676,10,5
UE1,1154.55,-376.184,10,5
UE1,894.314,-128.962,10,5
UE1,774.934,-784.214,10,5
UE1,466.272,-610.007,10,5
UE1,837.771,-773.746,10,5
UE1,222.41,-464.323,10,5
UE1,687.616,-1024.34,10,5
UE1,801.912,-593.138,10,5
UE1,259.637,-1244.89,10,5
UE1,296.024,-435.226,10,5
UE1,218.121,-938.381,10,5
UE1,-16.1335,-1081.83,10,5
UE1,286.849,-1187.14,10,5
UE1,648.826,-936.285,10,5
UE1,164.725,-1079.83,10,5
UE1,679.724,-800.013,10,5
UE1,-39.2203,-893.261,10,5
UE1,28.7371,-590.169,10,5
UE1,781.106,-812.134,10,5
UE1,375.851,-995.711,10,5
UE1,287.746,-716.131,10,5
UE1,108.987,-1019.44,10,5
UE1,-124.878,-860.457,10,5
UE1,577.761,-734.426,10,5
UE1,589.419,-622.575,10,5
UE1,445.415,-1343.04,10,5
UE1,43.0378,-701.281,10,5
UE1,357.96,-652.61,10,5
UE1,242.441,-1108.64,10,5
UE1,61.3347,-716.01,10,5
UE1,-16.9832,-737.169,10,5
UE1,48.5809,-1345.2,10,5
UE1,455.357,-934.367,10,5
UE1,-207.231,-857.352,10,5
UE1,121.575,-1070.63,10,5
UE1,901.758,-929.155,10,5
UE1,71.1135,-532.23,10,5
UE1,608.067,-400.514,10,5
UE1,353.009,-577.379,10,5
UE1,671.412,-722.35,10,5
UE1,-64.5278,-1201.8,10,5
UE1,435.081,-821.166,10,5
UE1,420.671,-547.631,10,5
UE1,617.995,-391.602,10,5
UE1,-85.1311,-956.588,10,5
UE1,464.825,-309.501,10,5
UE1,867.661,-713.561,10,5
UE1,864.722,-1098.97,10,5
UE1,686.447,-1040.28,10,5
UE1,674.15,-1141.21,10,5
UE1,212.788,-1389.05,10,5
UE1,200.85,-837.302,10,5
UE1,-81.7688,-706.746,10,5
UE1,779.479,-1080.92,10,5
UE1,795.391,-1231.96,10,5
UE1,722.494,-703.66,10,5
UE1,472.319,-1051.36,10,5
UE1,211.27,-892.387,10,5
UE1,-123.181,-777.493,10,5
UE1,373.1,-874.55,10,5
UE1,293.859,-633.02,10,5
UE1,679.749,-911.751,10,5
UE1,869.859,-686.642,10,5
UE1,206.527,-315.681,10,5
UE1,216.253,-663.64,10,5
UE1,220.062,-883.394,10,5
UE1,894.282,-690.45,10,5
UE1,644.33,-590.101,10,5
UE1,259.889,-955.78,10,5
UE1,515.502,-489.12,10,5
UE1,628.427,-793.229,10,5
UE1,890.719,-823.033,10,5
UE1,11.8059,-611.281,10,5
UE1,854.806,-1050.27,10,5
UE1,394.938,-321.822,10,5
UE1,631.877,-1175.89,10,5
UE1,818.01,-617.886,10,5
UE1,479.889,-1031.86,10,5
UE1,362.526,-1089.25,10,5
UE1,491.213,-751.331,10,5
UE1,138.491,-462.368,10,5
UE1,553.458,-578.7,10,5
UE1,122.913,-1066.69,10,5
UE1,541.762,-1073.53,10,5
UE1,292.521,-746.743,10,5
UE1,353.663,-1215.14,10,5
UE1,180.127,-392.736,10,5
UE1,357.429,-385.118,10,5
UE1,262.398,-630.582,10,5
UE1,-38.0167,-1042.76,10,5
UE1,664.429,-654.014,10,5
UE1,568.934,-770.571,10,5
UE1,236.194,-325.339,10,5
UE1,309.702,-756.691,10,5
UE1,684.711,-707.999,10,5
UE1,575.44,-583.113,10,5
UE1,652.026,-784.746,10,5
UE1,419.295,-1330.73,10,5
UE1,-71.2585,-1060.93,10,5
UE1,779.187,-1201.55,10,5
UE1,199.487,-1307.28,10,5
UE1,349.572,-841.865,10,5
UE1,-435.917,-414.908,10,5
UE1,-491.717,-1242.46,10,5
UE1,152.253,-1074.87,10,5
UE1,-403.298,-629.237,10,5
UE1,-80.2922,-861.893,10,5
UE1,-508.168,-1140.81,10,5
UE1,-495.738,-1405.29,10,5
UE1,-799.423,-848.606,10,5
UE1,-482.359,-846.212,10,5
UE1,-204.681,-697.221,10,5
UE1,70.2137,-1159.74,10,5
UE1,-189.933,-1043.06,10,5
UE1,-230.436,-1209.31,10,5
UE1,-596.758,-1300.97,10,5
UE1,-69.912,-819.807,10,5
UE1,-283.873,-1223.58,10,5
UE1,-154.341,-592.358,10,5
UE1,-524.195,-1067.38,10,5
UE1,-945.004,-940.002,10,5
UE1,-688.063,-614.893,10,5
UE1,-370.645,-805.436,10,5
UE1,-541.813,-1463.03,10,5
UE1,-377.711,-1168.03,10,5
UE1,-593.769,-822.187,10,5
UE1,-314.051,-502.682,10,5
UE1,-589.825,-813.185,10,5
UE1,-661.746,-716.578,10,5
UE1,-519.673,-675.492,10,5
UE1,-695.562,-1419.41,10,5
UE1,-346.446,-1409.15,10,5
UE1,-676.185,-582.959,10,5
UE1,4.60024,-865.733,10,5
UE1,-11.3125,-665.234,10,5
UE1,-741.465,-1213.86,10,5
UE1,-947.486,-1093.72,10,5
UE1,-65.0027,-552.174,10,5
UE1,120.707,-836.79,10,5
UE1,-601.457,-1397.93,10,5
UE1,-213.465,-898.979,10,5
UE1,-142.63,-1037.27,10,5
UE1,-572.068,-1220.38,10,5
UE1,-505.859,-830.859,10,5
UE1,-598.44,-1367.04,10,5
UE1,-482.034,-594.197,10,5
UE1,-445.498,-1054.21,10,5
UE1,-275.55,-873.713,10,5
UE1,-513.374,-1049.81,10,5
UE1,-857.304,-1110.35,10,5
UE1,-410.085,-1165.18,10,5
UE1,-543.281,-647.141,10,5
UE1,-180.996,-602.54,10,5
UE1,-167.781,-849.713,10,5
UE1,-556.687,-454.868,10,5
UE1,-78.4636,-979.71,10,5
UE1,-94.9243,-1381.31,10,5
UE1,-783.224,-1081.07,10,5
UE1,-428.592,-364.624,10,5
UE1,-907.851,-1163.5,10,5
UE1,-719.213,-1354.74,10,5
UE1,-483.83,-595.343,10,5
UE1,-108.53,-1100.37,10,5
UE1,-750.347,-678.428,10,5
UE1,-921.072,-699.294,10,5
UE1,-439.954,-683.722,10,5
UE1,-110.657,-585.448,10,5
UE1,-708.111,-868.83,10,5
UE1,-12.9299,-775.39,10,5
UE1,-742.331,-866.186,10,5
UE1,-417.573,-539.847,10,5
UE1,-477.719,-1091.47,10,5
UE1,-574.899,-699,10,5
UE1,-746.368,-1216.1,10,5
UE1,-308.991,-697.016,10,5
UE1,-900.671,-1097.03,10,5
UE1,111.395,-793.902,10,5
UE1,-174.026,-409.314,10,5
UE1,-244.537,-512.061,10,5
UE1,-858.382,-930.134,10,5
UE1,-885.679,-1080.72,10,5
UE1,-236.454,-1373.67,10,5
UE1,-619.347,-713.036,10,5
UE1,-24.1501,-976.088,10,5
UE1,-286.27,-1295.02,10,5
UE1,-364.019,-1054.49,10,5
UE1,-83.0132,-1164.08,10,5
UE1,-239.507,-685.035,10,5
UE1,-495.835,-1421.37,10,5
UE1,-41.6315,-1340.84,10,5
UE1,-48.3449,-1042.71,10,5
UE1,-415.821,-1498.41,10,5
UE1,-430.126,-369.223,10,5
UE1,-39.3495,-1061.83,10,5
UE1,-784.234,-963.143,10,5
UE1,-271.033,-856.004,10,5
UE1,-304.138,-391.395,10,5
UE1,-395.336,-1371.22,10,5
UE1,-139.121,-507.253,10,5
UE1,150.507,-804.703,10,5
UE1,-184.281,-446.579,10,5
UE1,-239.292,-911.162,10,5
UE1,-582.509,-142.774,10,5
UE1,-1444.21,-231.547,10,5
UE1,-703.555,-309.955,10,5
UE1,-1480.61,-258.43,10,5
UE1,-1166.75,260.229,10,5
UE1,-1102.67,437.466,10,5
UE1,-936.198,448.266,10,5
UE1,-1186.33,624.954,10,5
UE1,-743.656,258.705,10,5
UE1,-1168.64,-98.6277,10,5
UE1,-1511.69,388.753,10,5
UE1,-732.489,-55.7836,10,5
UE1,-814.909,-37.3453,10,5
UE1,-1339.32,-72.8665,10,5
UE1,-1142.35,485.23,10,5
UE1,-1335.95,136.146,10,5
UE1,-1208.15,164.368,10,5
UE1,-847.478,-120.239,10,5
UE1,-697.886,-68.112,10,5
UE1,-831.913,236.031,10,5
UE1,-1321.12,-168.106,10,5
UE1,-1359.69,-365.472,10,5
UE1,-800.527,-410.214,10,5
UE1,-1042.11,-475.4,10,5
UE1,-1359.68,332.758,10,5
UE1,-576.957,160.036,10,5
UE1,-1228.59,622.949,10,5
UE1,-985.872,333.968,10,5
UE1,-978.222,572.966,10,5
UE1,-1484.42,84.3222,10,5
UE1,-1237.86,617,10,5
UE1,-1227.19,-384.364,10,5
UE1,-645.909,164.051,10,5
UE1,-517.413,-17.4997,10,5
UE1,-953.968,153.053,10,5
UE1,-1043.78,560.902,10,5
UE1,-1555.47,344.288,10,5
UE1,-1363.36,18.2183,10,5
UE1,-915.409,-190.411,10,5
UE1,-940.636,306.586,10,5
UE1,-1115.16,-174.919,10,5
UE1,-998.669,75.1937,10,5
UE1,-943.512,290.556,10,5
UE1,-1075.98,429.535,10,5
UE1,-589.191,-10.086,10,5
UE1,-874.69,-142.491,10,5
UE1,-1206.31,-342.636,10,5
UE1,-596.232,-30.4673,10,5
UE1,-781.431,547.872,10,5
UE1,-1149.8,-204.784,10,5
UE1,-518.061,96.266,10,5
UE1,-713.952,-11.0803,10,5
UE1,-846.985,-257.767,10,5
UE1,-1296.32,-351.261,10,5
UE1,-958.807,-439.913,10,5
UE1,-736.968,-157.15,10,5
UE1,-540.103,177.323,10,5
UE1,-1325.76,21.0809,10,5
UE1,-671.379,380.699,10,5
UE1,-1223.44,8.40196,10,5
UE1,-1456.74,10.3468,10,5
UE1,-1232.55,305.358,10,5
UE1,-759.698,95.216,10,5
UE1,-846.966,23.3584,10,5
UE1,-1077.17,549.166,10,5
UE1,-1335.16,215.208,10,5
UE1,-1331.43,-178.927,10,5
UE1,-1250.29,-283.644,10,5
UE1,-832.489,-163.811,10,5
UE1,-823.852,469.308,10,5
UE1,-1029.19,211.326,10,5
UE1,-962.094,320.71,10,5
UE1,-600.966,-15.6395,10,5
UE1,-1213.13,154.782,10,5
UE1,-1651.51,90.7464,10,5
UE1,-1028.11,143.772,10,5
UE1,-1436.25,265.357,10,5
UE1,-1085.51,453.829,10,5
UE1,-996.627,-181.577,10,5
UE1,-1181.89,-2.28318,10,5
UE1,-1011.4,21.1239,10,5
UE1,-1219.07,466.671,10,5
UE1,-1554.95,393.521,10,5
UE1,-772.701,60.7012,10,5
UE1,-1197.71,265.519,10,5
UE1,-680.913,-59.1841,10,5
UE1,-1034.92,275.696,10,5
UE1,-1071.72,-173.706,10,5
UE1,-951.924,-125.187,10,5
UE1,-1096.85,408.698,10,5
UE1,-866.696,374.207,10,5
UE1,-1355.11,413.881,10,5
UE1,-720.135,-197.486,10,5
UE1,-598.395,91.0634,10,5
UE1,-865.939,-321.298,10,5
UE1,-1092.29,-415.903,10,5
UE1,-1167.86,-20.1438,10,5
UE1,-1075.01,185.103,10,5
UE1,-805.865,133.862,10,5
UE1,-1230.75,392.498,10,5
UE1,-339.875,740.302,10,5
UE1,-347.732,904.518,10,5
UE1,-917.273,759.8,10,5
UE1,-937.228,1179.83,10,5
UE1,-727.798,902.492,10,5
UE1,-821.395,899.276,10,5
UE1,-68.2868,1112.68,10,5
UE1,-148.327,1457.62,10,5
UE1,21.0369,1302.14,10,5
UE1,-222.93,732.302,10,5
UE1,-133.867,546.957,10,5
UE1,-608.62,912.158,10,5
UE1,-397.165,1579,10,5
UE1,-604.697,1117.11,10,5
UE1,-887.738,811.803,10,5
UE1,-279.877,695.785,10,5
UE1,25.599,1175.77,10,5
UE1,-770.232,1291.02,10,5
UE1,-799.355,656.541,10,5
UE1,-625.604,922.688,10,5
UE1,-344.355,1190.08,10,5
UE1,-444.345,732.086,10,5
UE1,-945.502,1093.88,10,5
UE1,20.5888,1105.32,10,5
UE1,-598.374,509.141,10,5
UE1,-53.9421,786.852,10,5
UE1,-402.823,612.644,10,5
UE1,-649.856,491.086,10,5
UE1,-580.138,1078.2,10,5
UE1,-378.299,1051.15,10,5
UE1,96.6197,754.066,10,5
UE1,-762.251,1460.24,10,5
UE1,-814.982,724.711,10,5
UE1,-609.719,840.41,10,5
UE1,-598.943,869.702,10,5
UE1,-792.531,1354.4,10,5
UE1,-441.176,1204.42,10,5
UE1,79.426,1141.01,10,5
UE1,-248.192,1021.38,10,5
UE1,-629.797,1441.02,10,5
UE1,-139.134,927.229,10,5
UE1,-332.446,1491.1,10,5
UE1,-514.178,475.025,10,5
UE1,-477.31,792.701,10,5
UE1,125.202,1047.52,10,5
UE1,-131.87,1499.36,10,5
UE1,-251.684,624.569,10,5
UE1,-87.6711,827.373,10,5
UE1,-482.069,1425.6,10,5
UE1,-793.892,635.858,10,5
UE1,-420.863,964.728,10,5
UE1,-650.453,496.985,10,5
UE1,-51.0502,1351.27,10,5
UE1,-422.702,806.842,10,5
UE1,-364.884,873.602,10,5
UE1,-168.394,575.47,10,5
UE1,-447.034,1142.07,10,5
UE1,-478.533,1038.82,10,5
UE1,-191.236,959.845,10,5
UE1,-162.538,1527.49,10,5
UE1,-65.3707,1006.64,10,5
UE1,23.9053,723.538,10,5
UE1,-39.367,640.343,10,5
UE1,-355.959,1233.4,10,5
UE1,-713.18,1442.71,10,5
UE1,-278.414,1040.8,10,5
UE1,-131.186,610.852,10,5
UE1,150.028,1127.12,10,5
UE1,-868.423,1218.18,10,5
UE1,-177.843,1169.33,10,5
UE1,-129.928,532.069,10,5
UE1,-198.549,979.67,10,5
UE1,-34.4824,964.932,10,5
UE1,-77.3112,1466.49,10,5
UE1,-707.519,876.674,10,5
UE1,-37.4795,784.622,10,5
UE1,-634.075,544.601,10,5
UE1,-701.613,1323.32,10,5
UE1,-690.95,676.272,10,5
UE1,-568.764,463.867,10,5
UE1,-844.93,1243.01,10,5
UE1,-115.166,1084.34,10,5
UE1,-551.355,1059.81,10,5
UE1,-354.493,1553.77,10,5
UE1,-229.348,732.546,10,5
UE1,-48.1114,1323.1,10,5
UE1,-411.003,1184.4,10,5
UE1,-312.23,750.309,10,5
UE1,-968.541,982.354,10,5
UE1,-332.83,1155.48,10,5
UE1,-441.921,1178.81,10,5
UE1,-763.578,575.004,10,5
UE1,-353.002,976.722,10,5
UE1,-828.658,977.271,10,5
UE1,-625.11,857.508,10,5
UE1,-489.343,998.337,10,5
UE1,11.7157,893.457,10,5
UE1,-497.855,1369.59,10,5
UE1,-678.759,696.758,10,5
UE1,-507.404,1398.33,10,5
UE1,454.185,797.657,10,5
UE1,812.552,550.288,10,5
UE1,688.68,898.741,10,5
UE1,80.4678,479.073,10,5
UE1,700.942,1118.06,10,5
UE1,410.77,312.275,10,5
UE1,781.158,882.385,10,5
UE1,794.4,489.136,10,5
UE1,151.563,1205.4,10,5
UE1,749.408,1145.35,10,5
UE1,477.449,1290.24,10,5
UE1,676.935,1146.94,10,5
UE1,461.835,866.965,10,5
UE1,809.603,649.816,10,5
UE1,720.626,1062.95,10,5
UE1,215.697,1090.96,10,5
UE1,192.742,896.155,10,5
UE1,879.653,774.329,10,5
UE1,35.0438,903.11,10,5
UE1,514.326,1227.94,10,5
UE1,898.33,1146.44,10,5
UE1,428.315,1009.2,10,5
UE1,403.154,1002.7,10,5
UE1,437.327,317.645,10,5
UE1,1008.86,782.116,10,5
UE1,400.235,1059.33,10,5
UE1,271.979,443.44,10,5
UE1,585.516,238.455,10,5
UE1,-20.5041,852.812,10,5
UE1,248.629,1174.86,10,5
UE1,718.337,1186.93,10,5
UE1,845.658,1014.51,10,5
UE1,627.583,730.801,10,5
UE1,747.566,1018.44,10,5
UE1,339.353,466.051,10,5
UE1,979.219,837.319,10,5
UE1,353.03,1071.74,10,5
UE1,901.663,675.967,10,5
UE1,2.24748,917.623,10,5
UE1,471.244,1169.27,10,5
UE1,106.761,558.976,10,5
UE1,379.017,502.349,10,5
UE1,867.324,751.122,10,5
UE1,635.448,1135.29,10,5
UE1,560.709,1180.96,10,5
UE1,781.066,939.895,10,5
UE1,541.621,1000.31,10,5
UE1,686.23,741.745,10,5
UE1,467.71,947.677,10,5
UE1,-55.1307,579.009,10,5
UE1,70.995,969.461,10,5
UE1,429.505,285.969,10,5
UE1,796.452,427.858,10,5
UE1,289.277,1057.07,10,5
UE1,102.141,1032.11,10,5
UE1,569.287,215.039,10,5
UE1,752.361,1059.46,10,5
UE1,470.696,972.817,10,5
UE1,834.111,702.116,10,5
UE1,249.006,667.249,10,5
UE1,892.788,594.144,10,5
UE1,268.63,709.863,10,5
UE1,629.25,394.477,10,5
UE1,437.307,921.12,10,5
UE1,60.9507,439.942,10,5
UE1,581.562,779.863,10,5
UE1,36.4264,1027.35,10,5
UE1,519.81,475.929,10,5
UE1,282.149,854.837,10,5
UE1,59.8187,440.49,10,5
UE1,368.96,433.387,10,5
UE1,730.012,325.799,10,5
UE1,577.733,661.386,10,5
UE1,958.055,589.166,10,5
UE1,51.1877,766.709,10,5
UE1,846.571,820.057,10,5
UE1,679.706,1160.32,10,5
UE1,-48.8489,531.405,10,5
UE1,901.109,1088.29,10,5
UE1,933.249,913.757,10,5
UE1,424.602,666.769,10,5
UE1,465.241,587.809,10,5
UE1,548.616,369.492,10,5
UE1,248.967,942.107,10,5
UE1,432.856,737.198,10,5
UE1,782.31,911.248,10,5
UE1,27.1817,1105.51,10,5
UE1,590.587,1052.06,10,5
UE1,665.85,750.072,10,5
UE1,781.769,1026.31,10,5
UE1,337.682,624.865,10,5
UE1,922.4,533.388,10,5
UE1,324.196,400.837,10,5
UE1,596.147,283.779,10,5
UE1,165.868,1213.74,10,5
UE1,349.664,779.945,10,5
UE1,674.871,581.412,10,5
UE1,737.179,1162.81,10,5
UE1,538.069,358.462,10,5
UE1,740.567,524.77,10,5
UE1,1886,489.356,10,5
UE1,2099.26,131.891,10,5
UE1,1664.58,442.267,10,5
UE1,1549.16,52.4879,10,5
UE1,1589.68,-63.5838,10,5
UE1,1727.77,-341.443,10,5
UE1,1934.49,-78.7232,10,5
UE1,2024.87,287.725,10,5
UE1,1891.66,34.0644,10,5
UE1,1696.52,-292.097,10,5
UE1,1668.65,-393.767,10,5
UE1,1941.15,-441.605,10,5
UE1,2068.61,-251.334,10,5
UE1,1340.44,-74.9723,10,5
UE1,1669.02,289.786,10,5
UE1,1492.55,-310.965,10,5
UE1,2033.84,398.835,10,5
UE1,2082.1,-309.384,10,5
UE1,1523.8,142.221,10,5
UE1,1591.23,-542.588,10,5
UE1,1448.73,38.2591,10,5
UE1,1782.74,342.547,10,5
UE1,1450.5,77.5048,10,5
UE1,2052.33,-377.805,10,5
UE1,1409.25,114.424,10,5
UE1,1877.07,-229.009,10,5
UE1,2254.87,-29.6795,10,5
UE1,1679.74,-553.521,10,5
UE1,2074.88,-92.9613,10,5
UE1,1516.5,-113.165,10,5
UE1,1606.27,-144.984,10,5
UE1,2014.77,-482.839,10,5
UE1,2112.02,-395.675,10,5
UE1,1852.16,273.2,10,5
UE1,2355.58,30.072,10,5
UE1,1890.53,368.591,10,5
UE1,1657.72,343.858,10,5
UE1,2210.32,-329.815,10,5
UE1,2192.67,-340.36,10,5
UE1,1665.74,278.054,10,5
UE1,1771.37,172.701,10,5
UE1,1506.85,19.8514,10,5
UE1,1767.18,-272.961,10,5
UE1,2057.31,381.149,10,5
UE1,1385.21,215.172,10,5
UE1,1836.23,-32.8641,10,5
UE1,2161.65,-391.614,10,5
UE1,1837.81,-518.528,10,5
UE1,1244.02,80.6756,10,5
UE1,2209.08,-8.57738,10,5
UE1,2027.02,-187.101,10,5
UE1,2068.27,-68.1086,10,5
UE1,1643.28,-538.932,10,5
UE1,2246.17,-90.7001,10,5
UE1,1572.4,-234.227,10,5
UE1,2299.32,-260.805,10,5
UE1,1487.44,155.195,10,5
UE1,1911.01,165.714,10,5
UE1,1529.82,-210.226,10,5
UE1,1835.34,-78.8058,10,5
UE1,2302.27,107.394,10,5
UE1,2356.74,21.2794,10,5
UE1,1347.51,-241.076,10,5
UE1,1737.18,-117.63,10,5
UE1,1835.11,-491.284,10,5
UE1,1345.11,-103.129,10,5
UE1,2099.24,-310.961,10,5
UE1,2105.76,-346.857,10,5
UE1,1437.91,355.538,10,5
UE1,2084.27,476.34,10,5
UE1,1921.05,115.3,10,5
UE1,2125.34,-317.374,10,5
UE1,1674.52,-29.0004,10,5
UE1,1753.95,-197.79,10,5
UE1,1490.4,250.542,10,5
UE1,2100.4,211.531,10,5
UE1,1720.91,156.305,10,5
UE1,1509.81,430.324,10,5
UE1,2261.03,-376.415,10,5
UE1,2229.64,-224.339,10,5
UE1,1562.01,-328.97,10,5
UE1,1644.89,356.912,10,5
UE1,2045.07,-91.1319,10,5
UE1,2079.26,163.132,10,5
UE1,2099.84,28.069,10,5
UE1,1708.52,191.361,10,5
UE1,1636.43,167.655,10,5
UE1,1741.36,-559.584,10,5
UE1,1801.02,353.85,10,5
UE1,2257.74,-122.55,10,5
UE1,1960.41,-61.7593,10,5
UE1,2088.31,97.9611,10,5
UE1,1928.84,322.04,10,5
UE1,1887.64,129.287,10,5
UE1,1659.2,86.9329,10,5
UE1,1804.63,-138.46,10,5
UE1,1675.25,-78.1682,10,5
UE1,1418.19,-171.116,10,5
UE1,1826.21,440.3,10,5
UE1,1979.95,-272.276,10,5
UE1,1827.14,-477.341,10,5
UE1,1412.49,-974.278,10,5
UE1,1553.56,-414.986,10,5
UE1,1680.9,-542.618,10,5
UE1,1787.57,-1137.52,10,5
UE1,1557.11,-944.461,10,5
UE1,1365.76,-828.032,10,5
UE1,1757.32,-647.806,10,5
UE1,1815.85,-438.794,10,5
UE1,1448.26,-375.489,10,5
UE1,1677.3,-443.017,10,5
UE1,1472.96,-753.324,10,5
UE1,1676.31,-1144.35,10,5
UE1,1621.01,-567.225,10,5
UE1,1180.81,-1060.56,10,5
UE1,1133.14,-618.482,10,5
UE1,1597.45,-756.523,10,5
UE1,1804.51,-1162.63,10,5
UE1,1467.07,-923.126,10,5
UE1,1644.29,-1230.85,10,5
UE1,1187.59,-694.435,10,5
UE1,1020.31,-777.741,10,5
UE1,1274.28,-1190.92,10,5
UE1,1871.88,-431.996,10,5
UE1,1448.48,-487.058,10,5
UE1,1161.04,-905.759,10,5
UE1,2107.74,-941.723,10,5
UE1,1103.15,-1055.18,10,5
UE1,1757.08,-374.023,10,5
UE1,2067.84,-763.512,10,5
UE1,1298.66,-573.711,10,5
UE1,1131.09,-855.409,10,5
UE1,1228.83,-803.863,10,5
UE1,1725.31,-814.242,10,5
UE1,1143.65,-548.819,10,5
UE1,1049.14,-946.153,10,5
UE1,1544.93,-804.327,10,5
UE1,1609.28,-1415.36,10,5
UE1,1163.18,-1222.51,10,5
UE1,1619.59,-1401.16,10,5
UE1,1385.39,-602.46,10,5
UE1,1272.59,-708.41,10,5
UE1,1807.75,-326.443,10,5
UE1,1849.32,-636.946,10,5
UE1,1611.11,-1054.87,10,5
UE1,1712.7,-673.731,10,5
UE1,1164.71,-1074.96,10,5
UE1,1553.61,-989.692,10,5
UE1,2074.99,-856.99,10,5
UE1,1808.55,-574.834,10,5
UE1,1164.76,-1090.72,10,5
UE1,1603.73,-300.016,10,5
UE1,1559.65,-868.657,10,5
UE1,1792.21,-1067.77,10,5
UE1,1963.85,-1090.81,10,5
UE1,1642.06,-562.583,10,5
UE1,1983.61,-1053.39,10,5
UE1,1407.65,-951.834,10,5
UE1,1250.59,-1209.6,10,5
UE1,1199.31,-807.476,10,5
UE1,1773.3,-1257.46,10,5
UE1,1239.18,-1010.69,10,5
UE1,1536.6,-533.7,10,5
UE1,1280.33,-783.28,10,5
UE1,1970.64,-653.689,10,5
UE1,1328.68,-1251.66,10,5
UE1,1517.35,-304.079,10,5
UE1,1064.73,-1090.76,10,5
UE1,1889.16,-1066.46,10,5
UE1,1635.48,-332.526,10,5
UE1,1893.58,-646.726,10,5
UE1,1633.9,-813.267,10,5
UE1,1983.92,-622.619,10,5
UE1,1911.73,-503.002,10,5
UE1,1271.91,-512.729,10,5
UE1,1739.7,-666.311,10,5
UE1,1627.27,-369.932,10,5
UE1,1230.59,-1075.73,10,5
UE1,1707.17,-843.958,10,5
UE1,1581.04,-1012.77,10,5
UE1,1361.92,-1164.39,10,5
UE1,1526.09,-1402.68,10,5
UE1,1415.5,-569.147,10,5
UE1,1748.43,-1065.12,10,5
UE1,1575.95,-1023.58,10,5
UE1,2070.27,-675.78,10,5
UE1,1360.38,-891.043,10,5
UE1,1860.97,-1194.06,10,5
UE1,1774.09,-1385.99,10,5
UE1,1460.25,-636.403,10,5
UE1,1248.18,-1071.04,10,5
UE1,1229.98,-450.103,10,5
UE1,1873.95,-375.634,10,5
UE1,1463.74,-639.842,10,5
UE1,1737.46,-836.86,10,5
UE1,1580.62,-378.168,10,5
UE1,998.362,-889.96,10,5
UE1,1126.22,-1139.39,10,5
UE1,1467.69,-475.587,10,5
UE1,1681.94,-792.146,10,5
UE1,926.993,-1945.85,10,5
UE1,987.458,-1858.42,10,5
UE1,997.325,-1466.62,10,5
UE1,550.227,-1705.76,10,5
UE1,1218.69,-1408.4,10,5
UE1,617.634,-1960.23,10,5
UE1,1101.39,-2226.31,10,5
UE1,890.735,-1853.75,10,5
UE1,993.773,-1632.8,10,5
UE1,1513.36,-1733.3,10,5
UE1,1279.65,-1944.76,10,5
UE1,981.265,-1770.66,10,5
UE1,650.31,-1399.72,10,5
UE1,1185.86,-1587.33,10,5
UE1,1293.81,-2002.47,10,5
UE1,1432.59,-1773.36,10,5
UE1,496.917,-1711.77,10,5
UE1,596.377,-2092.8,10,5
UE1,1113.48,-1720.07,10,5
UE1,855.065,-1541.15,10,5
UE1,793.089,-2310.14,10,5
UE1,990.247,-2203.42,10,5
UE1,667.848,-1732.39,10,5
UE1,506.46,-1862.03,10,5
UE1,627.638,-1581.74,10,5
UE1,669.635,-1906.97,10,5
UE1,1310.12,-2223.8,10,5
UE1,841.285,-1580.19,10,5
UE1,808.4,-2157.17,10,5
UE1,557.243,-1719.96,10,5
UE1,1270.08,-2087.93,10,5
UE1,1145.2,-1501.84,10,5
UE1,1038.67,-1297.09,10,5
UE1,1295.59,-1677.32,10,5
UE1,1185.53,-2103.87,10,5
UE1,631.643,-2024.65,10,5
UE1,933.137,-1471.82,10,5
UE1,1484.68,-1755.46,10,5
UE1,773.797,-2165.2,10,5
UE1,835.766,-1757.6,10,5
UE1,1024.94,-1784.78,10,5
UE1,506.608,-1527.47,10,5
UE1,1274.29,-2217.97,10,5
UE1,1247.97,-1476.34,10,5
UE1,1026.03,-1352.32,10,5
UE1,1143.18,-1687.25,10,5
UE1,1242.02,-1634.04,10,5
UE1,671.891,-1711.36,10,5
UE1,1382.79,-1669.67,10,5
UE1,688.074,-2257.25,10,5
UE1,1225.85,-1963.4,10,5
UE1,769.278,-1693.34,10,5
UE1,657.845,-1995.05,10,5
UE1,1245.38,-1933.96,10,5
UE1,1341.07,-1855.21,10,5
UE1,930.015,-1686.32,10,5
UE1,619.024,-1471.14,10,5
UE1,1263.89,-1837.48,10,5
UE1,787.059,-1807.96,10,5
UE1,989.246,-2299.53,10,5
UE1,945.382,-2333.65,10,5
UE1,1304.41,-2224,10,5
UE1,1209.82,-1570.51,10,5
UE1,1122.64,-1596.22,10,5
UE1,1226.04,-2267.19,10,5
UE1,1429,-1579.16,10,5
UE1,1368.89,-1650.45,10,5
UE1,1383.4,-2046.71,10,5
UE1,1484.33,-1986.41,10,5
UE1,1421.49,-2148.83,10,5
UE1,1047.78,-1539.78,10,5
UE1,1429.06,-1883.03,10,5
UE1,1535.42,-1940.03,10,5
UE1,1176.4,-2149.02,10,5
UE1,1381.26,-1604.53,10,5
UE1,1131.04,-1302.61,10,5
UE1,863.238,-1744.3,10,5
UE1,718.297,-2138.76,10,5
UE1,646.167,-1417.23,10,5
UE1,976.298,-2054.4,10,5
UE1,601.982,-2151.34,10,5
UE1,1406.69,-2029.91,10,5
UE1,771.359,-1323.75,10,5
UE1,861.194,-1537.14,10,5
UE1,858.946,-2035.58,10,5
UE1,1216.62,-1310,10,5
UE1,784.569,-1709.38,10,5
UE1,630.068,-1764.64,10,5
UE1,1245.88,-1607.28,10,5
UE1,1142.22,-1992.73,10,5
UE1,1102.28,-1895.33,10,5
UE1,1316.18,-1824.05,10,5
UE1,1319.73,-1484.45,10,5
UE1,1286.78,-2075.11,10,5
UE1,574.644,-1614.83,10,5
UE1,934.431,-1917.74,10,5
UE1,574.437,-1638.1,10,5
UE1,914.925,-2299.5,10,5
UE1,874.821,-1750.14,10,5
UE1,1170.98,-1780.46,10,5
UE1,406.89,-1614.33,10,5
UE1,176.222,-2368.27,10,5
UE1,-237.946,-2171.85,10,5
UE1,529.073,-1792.8,10,5
UE1,281.731,-1828.29,10,5
UE1,51.6176,-1278.21,10,5
UE1,-278.599,-2141.47,10,5
UE1,-240.937,-1810.45,10,5
UE1,30.4736,-2373.71,10,5
UE1,386.43,-2054.8,10,5
UE1,-39.1599,-2127.7,10,5
UE1,-412.666,-1853.29,10,5
UE1,-383.587,-1596.28,10,5
UE1,392.419,-2005.91,10,5
UE1,-219.269,-1757.51,10,5
UE1,386.94,-2111.21,10,5
UE1,0.930039,-2279.8,10,5
UE1,-272.912,-1816.2,10,5
UE1,-122.503,-1455.41,10,5
UE1,398.838,-1846.57,10,5
UE1,-109.252,-2034.11,10,5
UE1,174.946,-1542.5,10,5
UE1,508.442,-2018.78,10,5
UE1,-370.978,-1974.96,10,5
UE1,-196.908,-2094.38,10,5
UE1,293.813,-1574.94,10,5
UE1,157.77,-2272.41,10,5
UE1,329.821,-1758.46,10,5
UE1,-416.572,-1540.84,10,5
UE1,-322.139,-2189.18,10,5
UE1,153.15,-1416.73,10,5
UE1,-449.624,-1615.57,10,5
UE1,375.137,-1345.37,10,5
UE1,-61.996,-1437.13,10,5
UE1,-221.56,-1719.55,10,5
UE1,135.5,-1976.41,10,5
UE1,44.4625,-1822.91,10,5
UE1,-147.17,-1492.27,10,5
UE1,-118.119,-2329.49,10,5
UE1,294.704,-1576.84,10,5
UE1,-101.122,-1577.4,10,5
UE1,-57.0169,-1978.27,10,5
UE1,471.94,-2075.46,10,5
UE1,-97.6953,-1535.09,10,5
UE1,-318.007,-2223.52,10,5
UE1,195.219,-1300.13,10,5
UE1,-376.516,-1692.83,10,5
UE1,188.262,-2255.29,10,5
UE1,-73.1843,-1917.9,10,5
UE1,170.378,-1741.71,10,5
UE1,-341.17,-1453.18,10,5
UE1,444.108,-1406.87,10,5
UE1,419.204,-2016.2,10,5
UE1,-255.927,-1509.61,10,5
UE1,-222.875,-1529.54,10,5
UE1,518.773,-2026.89,10,5
UE1,144.792,-2247.33,10,5
UE1,371.12,-2190.25,10,5
UE1,75.1908,-1562.82,10,5
UE1,612.559,-1778.85,10,5
UE1,232.798,-1594.77,10,5
UE1,-0.406115,-2260.82,10,5
UE1,373.76,-2101.84,10,5
UE1,136.205,-1424.22,10,5
UE1,-182.166,-2027.82,10,5
UE1,-497.392,-1889.92,10,5
UE1,90.8299,-1350.91,10,5
UE1,271.036,-1937.64,10,5
UE1,285.485,-1587.37,10,5
UE1,126.925,-2225.07,10,5
UE1,237.999,-2271.05,10,5
UE1,110.675,-1378.56,10,5
UE1,49.083,-1642.07,10,5
UE1,32.0331,-1402.51,10,5
UE1,2.3412,-1521.67,10,5
UE1,-232.897,-1588.62,10,5
UE1,-127.803,-1818.94,10,5
UE1,414.241,-1713.54,10,5
UE1,-123.559,-2044.14,10,5
UE1,250.096,-2042.2,10,5
UE1,-210.427,-2028,10,5
UE1,103.071,-1287.12,10,5
UE1,296.046,-1775.52,10,5
UE1,304.644,-1807.22,10,5
UE1,-407.287,-1650.82,10,5
UE1,-66.8755,-2070.52,10,5
UE1,-470.408,-1741.14,10,5
UE1,324.563,-2249.07,10,5
UE1,255.703,-1817.27,10,5
UE1,32.4675,-1510.37,10,5
UE1,-263.923,-1486.91,10,5
UE1,-7.36279,-2351.63,10,5
UE1,203.105,-2307.44,10,5
UE1,52.0797,-1440.37,10,5
UE1,261.447,-1762.72,10,5
UE1,-141.321,-2228.11,10,5
UE1,-477.315,-1785.39,10,5
UE1,-342.106,-1796.74,10,5
UE1,444.149,-1647.29,10,5
UE1,-100.747,-2192.73,10,5
UE1,-1154.77,-1767.48,10,5
UE1,-1016.43,-2243.79,10,5
UE1,-1017.92,-1802.91,10,5
UE1,-1144.7,-1657.74,10,5
UE1,-593.072,-1835.48,10,5
UE1,-604.663,-1688.52,10,5
UE1,-951.182,-1905.28,10,5
UE1,-1024.5,-1466.18,10,5
UE1,-915.956,-2279.53,10,5
UE1,-864.936,-1485.05,10,5
UE1,-1039.83,-1485.41,10,5
UE1,-876.27,-1844.21,10,5
UE1,-851.893,-1777.95,10,5
UE1,-1174.63,-1437.77,10,5
UE1,-846.439,-2216.69,10,5
UE1,-779.256,-1477.23,10,5
UE1,-450.806,-2122.18,10,5
UE1,-494.569,-1675.28,10,5
UE1,-465.056,-1801.53,10,5
UE1,-1041.39,-2289.39,10,5
UE1,-966.172,-2245.19,10,5
UE1,-662.513,-1465.49,10,5
UE1,-673.086,-2113.57,10,5
UE1,-952.668,-2182.56,10,5
UE1,-1058.63,-1226.55,10,5
UE1,-752.596,-2210.34,10,5
UE1,-959.25,-1357.43,10,5
UE1,-960.692,-1935.95,10,5
UE1,-980.597,-1770.22,10,5
UE1,-909.692,-2055.7,10,5
UE1,-1127.91,-2248.38,10,5
UE1,-1285.28,-1841.16,10,5
UE1,-643.029,-2133.78,10,5
UE1,-343.502,-1809.47,10,5
UE1,-406.483,-1621.15,10,5
UE1,-840.189,-2263.04,10,5
UE1,-1352.08,-1505.87,10,5
UE1,-683.06,-1532.16,10,5
UE1,-1289.57,-1436.45,10,5
UE1,-672.73,-2204.23,10,5
UE1,-651.795,-2154.39,10,5
UE1,-978.395,-1600.88,10,5
UE1,-802.307,-1705.57,10,5
UE1,-828.2,-1302.63,10,5
UE1,-338.659,-1545.32,10,5
UE1,-462.27,-2048.27,10,5
UE1,-567.67,-1996.78,10,5
UE1,-981.288,-1281.99,10,5
UE1,-561.204,-1764.77,10,5
UE1,-979.171,-1792.71,10,5
UE1,-557.82,-1845.14,10,5
UE1,-737.226,-2092.3,10,5
UE1,-734.934,-1211.47,10,5
UE1,-1166.28,-2092.78,10,5
UE1,-718.457,-2117.01,10,5
UE1,-1041.58,-1334.12,10,5
UE1,-415.132,-1616.34,10,5
UE1,-855.877,-1993.58,10,5
UE1,-1096.86,-2284.5,10,5
UE1,-723.532,-2237.53,10,5
UE1,-400.126,-1891.66,10,5
UE1,-1388.93,-1684.98,10,5
UE1,-509.492,-1398.46,10,5
UE1,-1044.02,-1851.11,10,5
UE1,-669.987,-1710.21,10,5
UE1,-578.531,-1258.59,10,5
UE1,-1363.15,-1486.64,10,5
UE1,-1190.63,-1437.42,10,5
UE1,-814.161,-1783.76,10,5
UE1,-845.571,-1264.27,10,5
UE1,-1277.18,-1640.92,10,5
UE1,-1155.31,-1472.05,10,5
UE1,-825.423,-1553.82,10,5
UE1,-1127.94,-2239.91,10,5
UE1,-582.635,-1483.25,10,5
UE1,-958.823,-1890.78,10,5
UE1,-753.213,-1585.21,10,5
UE1,-585.212,-1895.61,10,5
UE1,-542.08,-2012.83,10,5
UE1,-1335.59,-1464.02,10,5
UE1,-1181,-2061.92,10,5
UE1,-756.601,-1809.84,10,5
UE1,-1163.65,-1865.94,10,5
UE1,-1043.03,-2116.4,10,5
UE1,-1081.93,-1251.14,10,5
UE1,-760.311,-1263.42,10,5
UE1,-1303.23,-1697.64,10,5
UE1,-939.354,-1283.03,10,5
UE1,-950.271,-2313.48,10,5
UE1,-1285.42,-2081.99,10,5
UE1,-1108.09,-1603.77,10,5
UE1,-470.315,-1948.8,10,5
UE1,-1253.39,-1395.49,10,5
UE1,-673.414,-1994.76,10,5
UE1,-1050.48,-1526.27,10,5
UE1,-712.256,-1208.75,10,5
UE1,-739.622,-1933.77,10,5
UE1,-499.979,-1712.6,10,5
UE1,-1313.5,-1590.14,10,5
UE1,-491.559,-2097.57,10,5
UE1,-1305.69,-1379.38,10,5
UE1,-1408.99,-1382.94,10,5
UE1,-1431.4,-791.221,10,5
UE1,-1555.56,-1226.56,10,5
UE1,-1418.82,-1119.93,10,5
UE1,-987.105,-876.92,10,5
UE1,-1530.78,-671.831,10,5
UE1,-1150.47,-1344.4,10,5
UE1,-1776.52,-708.499,10,5
UE1,-1623.49,-1317.46,10,5
UE1,-1267.65,-911.214,10,5
UE1,-953.177,-666.745,10,5
UE1,-1117.7,-1416.15,10,5
UE1,-1104.06,-832.553,10,5
UE1,-1201.69,-1487.32,10,5
UE1,-1217.3,-610.641,10,5
UE1,-1237.89,-488.949,10,5
UE1,-1010.51,-1006.27,10,5
UE1,-1008.46,-773.352,10,5
UE1,-1669.28,-1469.56,10,5
UE1,-1595.81,-1469.82,10,5
UE1,-1879.37,-694.58,10,5
UE1,-1201.38,-807.424,10,5
UE1,-1820.29,-1029.77,10,5
UE1,-1185.24,-1070.03,10,5
UE1,-1268.91,-1087.63,10,5
UE1,-1402.81,-916.678,10,5
UE1,-1238.95,-955.462,10,5
UE1,-1401.03,-1240.44,10,5
UE1,-1834.69,-947.674,10,5
UE1,-984.314,-1221.01,10,5
UE1,-1313.48,-832.678,10,5
UE1,-1617.87,-1144.6,10,5
UE1,-1789.38,-1296.52,10,5
UE1,-1249.54,-1272.33,10,5
UE1,-1822.61,-994.453,10,5
UE1,-862.83,-1077.51,10,5
UE1,-1596.89,-1038.49,10,5
UE1,-1360.03,-952.442,10,5
UE1,-1543.67,-1162.98,10,5
UE1,-1206.1,-638.951,10,5
UE1,-1266.3,-672.939,10,5
UE1,-1651.59,-1167.41,10,5
UE1,-1740.28,-1050.27,10,5
UE1,-1857.2,-665.908,10,5
UE1,-1130.71,-1198.63,10,5
UE1,-1510.29,-1151.33,10,5
UE1,-1669.35,-940.185,10,5
UE1,-1420.22,-887.409,10,5
UE1,-1253.17,-1128.74,10,5
UE1,-1555.5,-691.087,10,5
UE1,-1622.39,-1250.26,10,5
UE1,-1455.28,-804.904,10,5
UE1,-1732.09,-818.737,10,5
UE1,-1346.84,-919.591,10,5
UE1,-1717.34,-1144.02,10,5
UE1,-1819.25,-1299.54,10,5
UE1,-1393.94,-1264.59,10,5
UE1,-1104.59,-1024.67,10,5
UE1,-1763.67,-1065.36,10,5
UE1,-1430.07,-642.638,10,5
UE1,-1525.8,-1554.58,10,5
UE1,-1641.44,-1039.55,10,5
UE1,-1059.78,-644.629,10,5
UE1,-1386.97,-917.282,10,5
UE1,-1084.6,-1296.29,10,5
UE1,-1773.72,-828.519,10,5
UE1,-1143,-1428.72,10,5
UE1,-1557.37,-1266.86,10,5
UE1,-1100.77,-592.011,10,5
UE1,-1536.59,-550.601,10,5
UE1,-1132.97,-548.971,10,5
UE1,-1944.09,-886.891,10,5
UE1,-1050.82,-855.372,10,5
UE1,-1258.36,-601.725,10,5
UE1,-1175.65,-1334.29,10,5
UE1,-974.397,-971.657,10,5
UE1,-1673.45,-695.367,10,5
UE1,-1447.26,-1421.77,10,5
UE1,-1620.42,-498.175,10,5
UE1,-1660.05,-1057.75,10,5
UE1,-1966.89,-1000.06,10,5
UE1,-1477.13,-1345.82,10,5
UE1,-1599.92,-1316.25,10,5
UE1,-1846.65,-1292.99,10,5
UE1,-1257.19,-498.378,10,5
UE1,-1754.53,-1065.88,10,5
UE1,-1334.55,-1587.02,10,5
UE1,-1556.94,-513.186,10,5
UE1,-1783.32,-873.895,10,5
UE1,-1685.9,-883.23,10,5
UE1,-1040.17,-1141.33,10,5
UE1,-1205.81,-1270.24,10,5
UE1,-966.865,-1084.21,10,5
UE1,-1309.6,-1314.4,10,5
UE1,-1720.53,-1112.15,10,5
UE1,-1520.66,-1010.68,10,5
UE1,-1440.48,-761.543,10,5
UE1,-1799.61,-626.984,10,5
UE1,-1899.27,-1297.07,10,5
UE1,-1852,491.994,10,5
UE1,-2328.88,239.011,10,5
UE1,-1358.25,-70.2237,10,5
UE1,-1331.84,18.2471,10,5
UE1,-2118.14,568.056,10,5
UE1,-1784.31,408.905,10,5
UE1,-1910.52,123.314,10,5
UE1,-2345.09,-210.703,10,5
UE1,-1950.45,246.99,10,5
UE1,-1425.04,126.719,10,5
UE1,-1948.55,452.004,10,5
UE1,-2399.06,1.76888,10,5
UE1,-2043.55,347.523,10,5
UE1,-2016.28,-105.197,10,5
UE1,-2384.11,12.652,10,5
UE1,-1691.26,-370.058,10,5
UE1,-1906.79,396.126,10,5
UE1,-2129.03,181.014,10,5
UE1,-1638.22,399.687,10,5
UE1,-1573.23,363.4,10,5
UE1,-1893.51,428.527,10,5
UE1,-1795.15,-367.959,10,5
UE1,-2032.15,414.409,10,5
UE1,-2141.56,-278.351,10,5
UE1,-2317.47,248.468,10,5
UE1,-1891.27,596.928,10,5
UE1,-1379.68,243.344,10,5
UE1,-2163.57,-109.792,10,5
UE1,-1598.26,201.119,10,5
UE1,-2251.45,-120.212,10,5
UE1,-1541.43,249.875,10,5
UE1,-2072.1,370.426,10,5
UE1,-2164.09,-324.495,10,5
UE1,-2359.22,-64.9328,10,5
UE1,-1823.66,571.666,10,5
UE1,-1922.22,505.44,10,5
UE1,-1749.04,92.7667,10,5
UE1,-1730.54,392.955,10,5
UE1,-2322.97,372.459,10,5
UE1,-1346.27,-4.68454,10,5
UE1,-2144.4,119.485,10,5
UE1,-2215.66,-141.408,10,5
UE1,-1615.2,120.014,10,5
UE1,-1739.62,36.9339,10,5
UE1,-2265.61,225.075,10,5
UE1,-2119.97,-230.399,10,5
UE1,-1861.92,96.0926,10,5
UE1,-1608.97,-238.727,10,5
UE1,-1745.21,-242.84,10,5
UE1,-1942.83,193,10,5
UE1,-1463.71,307.849,10,5
UE1,-2010.97,72.7395,10,5
UE1,-2101.65,-326.205,10,5
UE1,-1990.29,223.634,10,5
UE1,-2197.35,15.516,10,5
UE1,-1773.46,71.0155,10,5
UE1,-2263.25,-68.1906,10,5
UE1,-2271.87,-75.172,10,5
UE1,-1879.63,-302.132,10,5
UE1,-2033.73,-97.1382,10,5
UE1,-1561.21,110.249,10,5
UE1,-1982.19,-435.451,10,5
UE1,-1980.78,525.493,10,5
UE1,-2046.24,141.824,10,5
UE1,-1353.22,34.9154,10,5
UE1,-1783.97,203.186,10,5
UE1,-2318.49,255.57,10,5
UE1,-1721.66,234.049,10,5
UE1,-2167.91,376.208,10,5
UE1,-1718.1,635.563,10,5
UE1,-1763.05,-96.9071,10,5
UE1,-1523.44,2.11937,10,5
UE1,-1991.16,-296.429,10,5
UE1,-1490.79,32.7521,10,5
UE1,-1422.02,144.665,10,5
UE1,-1918,39.4896,10,5
UE1,-1585.64,-98.325,10,5
UE1,-1645.6,-11.1249,10,5
UE1,-1536.72,-30.7437,10,5
UE1,-2004.77,639.747,10,5
UE1,-1783.16,468.145,10,5
UE1,-1410.2,21.3883,10,5
UE1,-1730.66,197.22,10,5
UE1,-1799.56,-288.252,10,5
UE1,-2382.83,-154.947,10,5
UE1,-2165.99,321.51,10,5
UE1,-1652.61,366.851,10,5
UE1,-1712.76,-402.621,10,5
UE1,-1513.17,-254.356,10,5
UE1,-2020.69,626.467,10,5
UE1,-2285.56,480.983,10,5
UE1,-1613.34,-64.4285,10,5
UE1,-2069.52,591.373,10,5
UE1,-2157.75,144.047,10,5
UE1,-1792.56,601.627,10,5
UE1,-1687.24,436.791,10,5
UE1,-1791.96,305.037,10,5
UE1,-1619.4,278.628,10,5
UE1,-1798.44,637.899,10,5
UE1,-1841.93,-413.196,10,5
UE1,-1401.09,622.648,10,5
UE1,-1567.1,709.751,10,5
UE1,-1637.22,1146.4,10,5
UE1,-1383.31,1042.52,10,5
UE1,-1936.75,1051.92,10,5
UE1,-1050.68,987.19,10,5
UE1,-1776.67,697.845,10,5
UE1,-1808.36,444.649,10,5
UE1,-1826.16,431.485,10,5
UE1,-1111.11,778.855,10,5
UE1,-1465.38,1128.49,10,5
UE1,-1913.98,466.549,10,5
UE1,-1187.66,884.629,10,5
UE1,-1374.39,1036.3,10,5
UE1,-2039.75,882.746,10,5
UE1,-1487.06,1247.23,10,5
UE1,-1039.55,823.014,10,5
UE1,-1887.26,930.583,10,5
UE1,-1295.7,1236.52,10,5
UE1,-1997.48,1097.9,10,5
UE1,-1219.04,845.351,10,5
UE1,-2049.69,956.858,10,5
UE1,-1678.59,695.507,10,5
UE1,-1915.66,1082.04,10,5
UE1,-1258.93,1023.13,10,5
UE1,-1453.53,1137.56,10,5
UE1,-2078.4,720.66,10,5
UE1,-1292.46,1218.56,10,5
UE1,-1713.41,1151.09,10,5
UE1,-1628.61,394.142,10,5
UE1,-1482.36,374.763,10,5
UE1,-1427.68,1392.53,10,5
UE1,-1195.71,663.876,10,5
UE1,-1487.82,924.534,10,5
UE1,-1636.28,1301.42,10,5
UE1,-1818.42,747.892,10,5
UE1,-1462.84,809.004,10,5
UE1,-1348.87,557.127,10,5
UE1,-1629.52,1220.17,10,5
UE1,-1285.25,850.351,10,5
UE1,-1716.2,758.681,10,5
UE1,-1865.23,893.102,10,5
UE1,-1183.13,723.03,10,5
UE1,-1575.64,632.331,10,5
UE1,-1387.23,570.774,10,5
UE1,-1215.12,1163.42,10,5
UE1,-1887.43,1029.29,10,5
UE1,-1844.11,1161.3,10,5
UE1,-1248.64,860.84,10,5
UE1,-1816.85,1100.49,10,5
UE1,-1356.73,398.891,10,5
UE1,-2078.42,1005.99,10,5
UE1,-1325.92,1097.19,10,5
UE1,-1700.27,1250.86,10,5
UE1,-1849.78,764.297,10,5
UE1,-1737.77,674.437,10,5
UE1,-1783.02,1089.13,10,5
UE1,-1908.49,1012.24,10,5
UE1,-1477.78,681.267,10,5
UE1,-2031.85,738.255,10,5
UE1,-1681.03,462.052,10,5
UE1,-1646.4,1150.86,10,5
UE1,-1167.78,740.553,10,5
UE1,-2146.74,860.93,10,5
UE1,-1066.81,1056.24,10,5
UE1,-1279.93,1349.8,10,5
UE1,-1224.73,664.619,10,5
UE1,-2122.47,680.21,10,5
UE1,-1102.74,717.97,10,5
UE1,-1850.53,1256.89,10,5
UE1,-1541.64,981.313,10,5
UE1,-1554.19,511.807,10,5
UE1,-1526.43,1183.05,10,5
UE1,-1555.57,829.023,10,5
UE1,-1932.14,1053.82,10,5
UE1,-1681.11,703.968,10,5
UE1,-1046.12,1055.85,10,5
UE1,-1863.5,1426.19,10,5
UE1,-1954.62,527.475,10,5
UE1,-1245.22,607.663,10,5
UE1,-1598.54,816.883,10,5
UE1,-2057.97,829.264,10,5
UE1,-1704.46,771.546,10,5
UE1,-1856.74,559.725,10,5
UE1,-1565.06,913.76,10,5
UE1,-1469.6,1040.98,10,5
UE1,-1063.11,1005.3,10,5
UE1,-1820.42,753.049,10,5
UE1,-1307.02,1157.3,10,5
UE1,-1633.72,1346.87,10,5
UE1,-1393.92,396.052,10,5
UE1,-1733.93,407.327,10,5
UE1,-1500.54,874.964,10,5
UE1,-1409.58,531.944,10,5
UE1,-1245.89,589.244,10,5
UE1,-1560.81,1378.22,10,5
UE1,-1632.25,416.623,10,5
UE1,-1685.26,1272.47,10,5
UE1,-1221.21,509.42,10,5
UE1,-1075.42,866.89,10,5
UE1,-830.94,1938.18,10,5
UE1,-508.958,1662.77,10,5
UE1,-1199.64,1371.9,10,5
UE1,-1184.86,1937.6,10,5
UE1,-1144.35,1545.59,10,5
UE1,-1178.63,2013.04,10,5
UE1,-632.014,1611.25,10,5
UE1,-748.032,1942.14,10,5
UE1,-446.594,1451.96,10,5
UE1,-669.675,1642.81,10,5
UE1,-967.024,2273.15,10,5
UE1,-683.879,1980.35,10,5
UE1,-1000.02,1662.86,10,5
UE1,-1160.24,2096.26,10,5
UE1,-556.826,1853.26,10,5
UE1,-638.975,1903.85,10,5
UE1,-990.106,1805.78,10,5
UE1,-937.941,1604.67,10,5
UE1,-822.282,1579.51,10,5
UE1,-1233.81,1902.47,10,5
UE1,-1401.82,1873.74,10,5
UE1,-674.809,1482.71,10,5
UE1,-419.675,2104.33,10,5
UE1,-1418.45,1672.1,10,5
UE1,-1122.75,1853.17,10,5
UE1,-727.025,1994.23,10,5
UE1,-1038.77,2105.4,10,5
UE1,-676.505,1476.04,10,5
UE1,-838.168,1408.06,10,5
UE1,-1067.3,1854,10,5
UE1,-1353.62,1837.5,10,5
UE1,-1266.4,1605.14,10,5
UE1,-1207.63,2106.57,10,5
UE1,-1047.82,2138.87,10,5
UE1,-477.325,2043.58,10,5
UE1,-350.975,1624.38,10,5
UE1,-1178,1601.7,10,5
UE1,-453.271,1833.35,10,5
UE1,-827.233,1702.2,10,5
UE1,-1195.58,1860.01,10,5
UE1,-782.404,2205.24,10,5
UE1,-1292.56,1659.63,10,5
UE1,-528.017,1806.38,10,5
UE1,-438.66,1520.1,10,5
UE1,-806.517,1437.04,10,5
UE1,-638.142,1606.39,10,5
UE1,-492.577,1813.13,10,5
UE1,-825.361,1413.8,10,5
UE1,-763.13,1892.93,10,5
UE1,-690.492,1582.11,10,5
UE1,-651.061,1295.83,10,5
UE1,-660.024,2057.93,10,5
UE1,-780.154,1979.42,10,5
UE1,-768.814,1756.01,10,5
UE1,-750.187,2124.71,10,5
UE1,-1109.75,2059.73,10,5
UE1,-361.098,1916.17,10,5
UE1,-756.699,1711.62,10,5
UE1,-1007.98,2287.59,10,5
UE1,-795.401,1640.26,10,5
UE1,-740.728,2248.54,10,5
UE1,-1030.27,1998.52,10,5
UE1,-861.466,1963.22,10,5
UE1,-1151.88,1549.38,10,5
UE1,-782.883,2158.22,10,5
UE1,-979.034,1721.34,10,5
UE1,-1112.89,2202.27,10,5
UE1,-1265.49,1922.27,10,5
UE1,-602.159,1524.38,10,5
UE1,-1042.68,1723.79,10,5
UE1,-539.428,1345.93,10,5
UE1,-1432.14,1825.31,10,5
UE1,-785.317,1409.33,10,5
UE1,-727.47,1731.27,10,5
UE1,-958.562,2283.36,10,5
UE1,-662.49,2096.75,10,5
UE1,-1254.56,1598.09,10,5
UE1,-1058.03,1282.01,10,5
UE1,-1133.45,1565.82,10,5
UE1,-589.52,2197.24,10,5
UE1,-749.34,1295.4,10,5
UE1,-768.39,1605.75,10,5
UE1,-1180.21,1868.33,10,5
UE1,-1125.1,1534.43,10,5
UE1,-944.492,1539.15,10,5
UE1,-1260.29,1992.65,10,5
UE1,-386.481,1988.5,10,5
UE1,-1414.34,1857.27,10,5
UE1,-1039,2118.07,10,5
UE1,-475.438,1605.9,10,5
UE1,-885.961,1945.97,10,5
UE1,-404.485,1967.93,10,5
UE1,-1314.13,1503.94,10,5
UE1,-1077.28,1596.64,10,5
UE1,-421.396,1968.04,10,5
UE1,-354.352,1820.38,10,5
UE1,-1423.59,1772.45,10,5
UE1,-329.401,1701.43,10,5
UE1,-633.171,2138.38,10,5
UE1,-992.083,2294.55,10,5
UE1,-160.312,1251.68,10,5
UE1,-245.055,2152.4,10,5
UE1,-428.954,1785.21,10,5
UE1,-29.9856,1343.96,10,5
UE1,-263.769,1941.8,10,5
UE1,-24.6292,1864,10,5
UE1,-337.711,1730.68,10,5
UE1,147.28,1371.71,10,5
UE1,34.7637,2087.52,10,5
UE1,-203.635,1932.23,10,5
UE1,27.6935,2201.91,10,5
UE1,208.495,1400.43,10,5
UE1,-374.304,1988.94,10,5
UE1,107.818,2297.98,10,5
UE1,-464.041,1974.91,10,5
UE1,33.9506,1561.61,10,5
UE1,-15.9591,1584.38,10,5
UE1,54.3945,1505.41,10,5
UE1,-99.8735,1378.85,10,5
UE1,48.912,1577.18,10,5
UE1,97.7478,1616.62,10,5
UE1,218.913,2044.3,10,5
UE1,-538.461,1863.7,10,5
UE1,371.228,1438.27,10,5
UE1,20.8079,2077.64,10,5
UE1,388.929,1614.09,10,5
UE1,269.841,1337.43,10,5
UE1,304.13,1809.33,10,5
UE1,-165.661,1991.14,10,5
UE1,416.447,2096.38,10,5
UE1,519.481,1964.11,10,5
UE1,479.22,1559.27,10,5
UE1,496.732,1715.16,10,5
UE1,493.724,1771.87,10,5
UE1,142.99,2264.77,10,5
UE1,52.3657,1668.1,10,5
UE1,399.777,1360.88,10,5
UE1,-233.89,2000.35,10,5
UE1,254.596,1598.28,10,5
UE1,222.728,1851.43,10,5
UE1,-539.461,1622.6,10,5
UE1,-209.118,1499.5,10,5
UE1,34.2807,1303.91,10,5
UE1,-119.319,1629.33,10,5
UE1,422.69,1489.3,10,5
UE1,499.846,1479.5,10,5
UE1,-393.697,1435.75,10,5
UE1,-5.77869,1329.59,10,5
UE1,-457.882,1622.54,10,5
UE1,-66.2685,2268.26,10,5
UE1,-145.676,1753.75,10,5
UE1,116.871,1427.62,10,5
UE1,254.6,1819.34,10,5
UE1,-49.3053,1219.74,10,5
UE1,-460.425,1961.79,10,5
UE1,521.06,2040.34,10,5
UE1,118.063,1294.39,10,5
UE1,-249.606,2102.86,10,5
UE1,-397.864,2169.25,10,5
UE1,-154.146,1517.94,10,5
UE1,-52.1892,1342.39,10,5
UE1,31.4351,2105.83,10,5
UE1,-475.543,2066.22,10,5
UE1,520.64,1515.69,10,5
UE1,-21.6284,1516.38,10,5
UE1,-34.6673,1491.32,10,5
UE1,-63.7975,2179.59,10,5
UE1,-200.119,1533.61,10,5
UE1,-102.895,1445.16,10,5
UE1,26.409,1983.73,10,5
UE1,201.746,2040.71,10,5
UE1,432.367,2144.78,10,5
UE1,402.138,1865.48,10,5
UE1,-352.203,1826.61,10,5
UE1,-188.206,1823.37,10,5
UE1,-64.6317,1536.97,10,5
UE1,-148.258,1237.67,10,5
UE1,-179.611,1747.03,10,5
UE1,359.143,1597.51,10,5
UE1,424.322,1996.63,10,5
UE1,-295.662,1360.5,10,5
UE1,459.164,1437.14,10,5
UE1,-159.186,2154.23,10,5
UE1,20.3672,1838.19,10,5
UE1,330.99,1525.33,10,5
UE1,91.7278,1873.22,10,5
UE1,109.774,1491.55,10,5
UE1,542.049,1722.06,10,5
UE1,-15.097,1381.71,10,5
UE1,8.12885,2029.44,10,5
UE1,-450.611,1457.26,10,5
UE1,-219.451,1981.05,10,5
UE1,444.443,1429.28,10,5
UE1,-431.373,2040.88,10,5
UE1,-224.2,2099.2,10,5
UE1,-549.644,1883.28,10,5
UE1,-82.3209,2107.49,10,5
UE1,419.496,1568.63,10,5
UE1,202.026,1630.02,10,5
UE1,-342.292,1405.48,10,5
UE1,832.8,2384.38,10,5
UE1,858.256,2304.62,10,5
UE1,1482.24,1800.69,10,5
UE1,603.62,1903.05,10,5
UE1,1109.79,2210.25,10,5
UE1,911.209,2331.34,10,5
UE1,1078.02,2323.17,10,5
UE1,1358.04,2127.59,10,5
UE1,678.132,1659.52,10,5
UE1,1359.1,1992.93,10,5
UE1,1506.2,1865.55,10,5
UE1,815.659,1455.37,10,5
UE1,896.032,1552.93,10,5
UE1,607.77,2156.64,10,5
UE1,1058.9,1526.84,10,5
UE1,823.124,1999.48,10,5
UE1,1074.02,2345.12,10,5
UE1,775.248,1716.17,10,5
UE1,758.978,1829.88,10,5
UE1,472.431,1769.97,10,5
UE1,432.069,1872.47,10,5
UE1,757.375,2336.42,10,5
UE1,632.924,2070.97,10,5
UE1,875.782,1956.36,10,5
UE1,1012.89,1520.72,10,5
UE1,486.56,1682.64,10,5
UE1,762.622,2124.65,10,5
UE1,821.151,1994.67,10,5
UE1,573.71,1542.45,10,5
UE1,720.823,1595.69,10,5
UE1,969.654,1988.87,10,5
UE1,572.956,1891.31,10,5
UE1,886.732,1695.94,10,5
UE1,721.163,1713.03,10,5
UE1,957.913,2108.77,10,5
UE1,1441.31,1808.36,10,5
UE1,1241.57,1788.54,10,5
UE1,612.7,1980.9,10,5
UE1,743.429,1402.39,10,5
UE1,640.596,2133.71,10,5
UE1,907.643,2453.76,10,5
UE1,993.087,2341.28,10,5
UE1,1005.25,2342.38,10,5
UE1,784.975,1383.93,10,5
UE1,662.84,2071.99,10,5
UE1,905.956,2344.5,10,5
UE1,589.717,2244.11,10,5
UE1,1100.55,1939.89,10,5
UE1,1306.3,1588.95,10,5
UE1,852.208,2075.88,10,5
UE1,1046.69,1589.26,10,5
UE1,1313.77,1549.91,10,5
UE1,663.525,1712.68,10,5
UE1,1180.3,2084.53,10,5
UE1,1126.41,2259.19,10,5
UE1,922.108,1507.86,10,5
UE1,393.034,2013.24,10,5
UE1,1397.83,2062.54,10,5
UE1,538.915,1598.89,10,5
UE1,899.355,1875.57,10,5
UE1,1361.21,2205.01,10,5
UE1,683.487,1590.75,10,5
UE1,521.493,1676.22,10,5
UE1,580.972,1752.98,10,5
UE1,655.107,2345.51,10,5
UE1,768.983,1768.49,10,5
UE1,1111.48,2252.69,10,5
UE1,1335.96,1562.87,10,5
UE1,1173.48,1358.43,10,5
UE1,1499.35,2054.73,10,5
UE1,437.633,1875.56,10,5
UE1,430.814,2123.38,10,5
UE1,970.533,1486.04,10,5
UE1,773.405,1593.03,10,5
UE1,949.344,2153.95,10,5
UE1,722.271,2147.46,10,5
UE1,1521.37,1958.89,10,5
UE1,1171.04,1505.1,10,5
UE1,804.63,1559.47,10,5
UE1,1035.56,1921.24,10,5
UE1,882.045,2350.09,10,5
UE1,1143.11,2227.37,10,5
UE1,1044.68,1985.67,10,5
UE1,1028.71,2443.04,10,5
UE1,1232.66,1991.94,10,5
UE1,1340.35,1708.44,10,5
UE1,1273.22,2015.25,10,5
UE1,435.755,1795.15,10,5
UE1,1103.98,1688.48,10,5
UE1,1034.2,2055.26,10,5
UE1,600.342,2130.67,10,5
UE1,586.722,1988.35,10,5
UE1,646.335,1815.86,10,5
UE1,1219.69,1916.63,10,5
UE1,884.262,1750.13,10,5
UE1,954.787,2453.33,10,5
UE1,881.066,1524.21,10,5
UE1,500.926,2174.49,10,5
UE1,496.146,1974.88,10,5
UE1,1038.62,1481.31,10,5
UE1,1555.97,262.538,10,5
UE1,1630.42,276.917,10,5
UE1,1687.13,867.783,10,5
UE1,1022.98,806.57,10,5
UE1,1354.75,721.625,10,5
UE1,1534.94,352.347,10,5
UE1,1403.42,1199.17,10,5
UE1,1355.2,400.588,10,5
UE1,1090.92,986.574,10,5
UE1,1896.15,563.048,10,5
UE1,1343.55,1157.45,10,5
UE1,1276.85,835.834,10,5
UE1,1740.04,633.53,10,5
UE1,1438.16,768.128,10,5
UE1,1117.89,1243.3,10,5
UE1,1273.06,662.064,10,5
UE1,1546.47,447.488,10,5
UE1,1865.01,1103.82,10,5
UE1,1140.7,466.391,10,5
UE1,1278.13,1065.9,10,5
UE1,1294.79,657.26,10,5
UE1,1911.01,550.188,10,5
UE1,1034.85,562.784,10,5
UE1,1383.16,838.004,10,5
UE1,1711.62,974.549,10,5
UE1,1620.26,508.908,10,5
UE1,1368.69,490.022,10,5
UE1,993.783,958.36,10,5
UE1,1324.5,546.58,10,5
UE1,1360.3,717.932,10,5
UE1,1667.06,980.528,10,5
UE1,1686.7,1288.89,10,5
UE1,1316.34,529.041,10,5
UE1,1407.54,476.603,10,5
UE1,1530.65,686.868,10,5
UE1,1098.18,569.933,10,5
UE1,1574.36,1195.71,10,5
UE1,1038.93,1133.75,10,5
UE1,1691.25,1246.4,10,5
UE1,1502.05,525.988,10,5
UE1,1770.97,1111.14,10,5
UE1,1054.45,433.994,10,5
UE1,1572.13,750.363,10,5
UE1,976.415,875.664,10,5
UE1,1362,993.173,10,5
UE1,1247.24,486.1,10,5
UE1,1040.11,1163.5,10,5
UE1,1375.62,948.304,10,5
UE1,1526.39,883.169,10,5
UE1,977.756,1150.71,10,5
UE1,1849.17,1198.67,10,5
UE1,1113.81,874.756,10,5
UE1,898.327,753.883,10,5
UE1,1824.07,1070.79,10,5
UE1,1095.68,377.171,10,5
UE1,1885.25,592.691,10,5
UE1,1001.64,760.776,10,5
UE1,1108.68,582.188,10,5
UE1,1319.65,695.41,10,5
UE1,1901.8,1099.02,10,5
UE1,1608.65,1273.9,10,5
UE1,1205.2,1180.57,10,5
UE1,1047.77,543.628,10,5
UE1,1128.42,426.396,10,5
UE1,1386.48,699.231,10,5
UE1,1188.02,345.84,10,5
UE1,1639.14,850.729,10,5
UE1,1737.03,1102.14,10,5
UE1,1697.15,793.399,10,5
UE1,1488.95,1262.24,10,5
UE1,1614.87,942.181,10,5
UE1,1064.94,1075.57,10,5
UE1,1302.39,243.906,10,5
UE1,1728.3,959.389,10,5
UE1,1642.09,901.737,10,5
UE1,1392.11,1096.92,10,5
UE1,1822.87,589.484,10,5
UE1,1634.9,445.669,10,5
UE1,1433.14,1203.46,10,5
UE1,1537.33,1353.55,10,5
UE1,886.648,753.172,10,5
UE1,1420.05,377.947,10,5
UE1,1956.9,908.637,10,5
UE1,1501.38,856.769,10,5
UE1,1713.49,973.342,10,5
UE1,1297.38,594.372,10,5
UE1,1288.69,816.543,10,5
UE1,1514.64,560.534,10,5
UE1,1938.29,988.239,10,5
UE1,1234.24,752.559,10,5
UE1,1930.07,944.934,10,5
UE1,1011.87,1188.36,10,5
UE1,1196.58,937.11,10,5
UE1,962.073,866.475,10,5
UE1,1252.94,356.592,10,5
UE1,1221.32,646.292,10,5
UE1,1141.07,621.662,10,5
UE1,1442.97,350.888,10,5
UE1,1531.23,1328.5,10,5
UE1,1233.62,554.292,10,5
UE2,-19.6243,-478.509,10,5
UE2,842.656,487.191,10,5
UE2,160.363,-741.69,10,5
UE2,-664.243,-576.555,10,5
UE2,-1142.46,295.024,10,5
UE2,-432.28,673.72,10,5
UE2,-120.904,625.674,10,5
UE2,2259.49,20.6598,10,5
UE2,1301.44,-951.988,10,5
UE2,882.705,-1313.9,10,5
UE2,-117.966,-1556.8,10,5
UE2,-1082.64,-1688.42,10,5
UE2,-1439.44,-1297.27,10,5
UE2,-1818.72,-299.356,10,5
UE2,-1217.21,867.121,10,5
UE2,-980.58,1209.21,10,5
UE2,-366.467,1370.07,10,5
UE2,1390.86,1548.33,10,5
UE2,1547.43,1296.46,10,5
UE3,-328.293,21.4407,10,5
UE3,1056.36,-168.576,10,5
UE3,266.879,-1196.76,10,5
UE3,-447.225,-676.688,10,5
UE3,-570.298,-75.8167,10,5
UE3,-522.425,969.575,10,5
UE3,594.791,208.49,10,5
UE3,1659.77,297.572,10,5
UE3,1748.21,-969.865,10,5
UE3,1367.87,-1639.84,10,5
UE3,102.643,-2353.58,10,5
UE3,-1124.67,-1640.69,10,5
UE3,-1478.52,-1157.79,10,5
UE3,-2013.05,486.896,10,5
UE3,-987.252,428.984,10,5
UE3,-1571.42,1922.31,10,5
UE3,89.8361,1516.81,10,5
UE3,1648.51,2075.51,10,5
UE3,992.908,973.606,10,5
UE4,259.027,496.623,10,5
UE4,1047.28,144.014,10,5
UE4,563.632,-1087.68,10,5
UE4,-154.391,-928.703,10,5
UE4,-1357.28,245.511,10,5
UE4,-1066.73,810.477,10,5
UE4,867.755,256.26,10,5
UE4,1821.42,165.388,10,5
UE4,1530.65,-378.469,10,5
UE4,643.962,-1505.01,10,5
UE4,100.716,-1278.83,10,5
UE4,-1312.18,-2157.44,10,5
UE4,-1426.99,-538.552,10,5
UE4,-1975.6,139.114,10,5
UE4,-1219.19,811.922,10,5
UE4,-1415.5,1258,10,5
UE4,694.371,1872.25,10,5
UE4,1351.42,1922.91,10,5
UE4,1257.69,944.74,10,5
